,Review,Liked
0,Baha... E'i jayaga pachanda.,1
1,Bhutbaka bhala na.,0
2,Susbadu naya ebam teksacarati kebala adbhuta chila.,0
3,Rika stibhera suparisa bandha kare me masera sesera dike chutira samaya bandha kare de'oya ebam eti pachanda kare.,1
4,Menute nirbacana durdanta chila ebam damaguli'o chila.,1
5,Ekhana ami rege yacchi ebam ami amara abhisapa pho'o ca'i.,0
6,Satyi'i eti mansera sbada payani)),0
7,Aluguli rabarera mato chila ebam apani balate parena ye eguli ekati garamera nice rakhara age'i tairi kara hayechila.,0
8,Phra'i'o durdanta chila.,1
9,Ekati durdanta sparsa.,1
10,Pariseba khuba prampata chila.,1
11,Phire yete habe na.,0
12,Kyasiyarera kona'o cinta chila na ye etaksane amara ya balara chila ta ekhana'o sesa haye gela atirikta artha byaya kare.,0
13,"Ami kepa kada rabholi, muragira sathe kryanaberi cesta karechi... Mimi!",1
14,Ami birakta hayechi karana ami niscita ye manusera cula.,0
15,Ami hatabaka haye giyechilama karana kona'o laksana kebala nagada nirdesa kare na.,0
16,Atyanta banchaniya.,1
17,Oyetarasa sebare kichuta dhira chila.,0
18,"E'i jayagati apanara samayera jan'ya upayukta naya, eka bhegasake chere dina.",0
19,Mote'o pachanda hayani,0
20,Buritosa blaha!,0
21,"Khabara, ascaryajanaka.",1
22,Pariseba'o bud'dhimana.,1
23,Ami kama yatna karate pare... Abhyantara thika sundara.,1
24,Sutaram tara abhinaya.,1
25,Thika ache.... Lala bhelabheta keka..... Oha e'i jinisa eta bhala.,1
26,- Tara ye salada amadera ceyechila ta kakhana'i aneni.,0
27,Pracirera e'i gartatite durdanta meksikana strita tako ebam bandhutbapurna stapha rayeche.,1
28,"Restomragulite amadera khabarati pete eka ghanta samaya niyechila amara khabara luka usna, amadera bibhajaka emanabhabe calachila yena se puropuri abhibhuta hayechila.",0
29,Sabaceye kharapa chila salamana sasimi.,0
30,"Echara'o ekhane ekati bargara, phra'i ebam biyarera mato kambo rayeche ya ekati salina cukti.",1
31,E'i curanta dhakka mata!,0
32,Ami durghatanakrame e'i jayagati peyechi ebam ami era ceye besi khusi hate pari na.,1
33,Kichu paricita paba khabarera kamara dharara jan'ya khuba bhala jayaga bale mane hacche tabe nijeke anugraha kare an'ya kotha'o takana.,0
34,"Samagrikabhabe, ami e'i jayagati aneka pachanda kari.",1
35,Restomratira ekamatra khalasera gunati eti chila khuba sasta.,1
36,Yathesta ansa ebam bhala dama.,1
37,"Daridra pariseba, oyetara amake tebile asara samaya mane hayechila ami boka.",0
38,Hirote amara prathama bhramanati ekati anandadayaka chila!,1
39,Seba stan'yapana.,0
40,Cinri komala ebam ardra.,1
41,Eta bhala kona'o cukti ne'i ya amake abara se'i pratisthane tene anabe.,0
42,E'i paksaguli bhala chila kina ta bicara kara sakta karana amara gale ya'oya stayaraphoma dbara upasthapita hayechi ebam asustha ha'oyara bhaye eti khete ca'ini.,0
43,"Ekati itibacaka note, amadera sarbharati atyanta manoyogi ebam durdanta pariseba sarabaraha karechila.",1
44,Nibandhera pichane kichu kharapa lokera sathe himasitala krpanata.,0
45,Ami kebala pachanda kari ta ha'la pra'ima riba ebam dejarta bibhaga.,1
46,Eta khuba kharapa khabara eta jenarika.,0
47,"Bargarati thika garura mansa, thika ranna kara.",1
48,Syanda'u'ica ca'ile ye kona'o phayara ha'use yana!!!!!,1
49,"Grika dresinyera sathe amara pasera grika salada eta susbadu chila, ebam pita ebam humamasa khuba sateja chila.",1
50,Amara hamsake birala ardara diyechilama ebam eti ba'ire ba'ire ekati sundara cara saha golapi ebam komala chila.,1
51,Yakhana tini bujhate paralena ye amara sbami tara sanaglasati tebile rekhe gechena takhana tini amadera pichane chute asena.,1
52,Odera cau me'ina eta bhala!,1
53,Tadera grahakadera prati bhayankara manobhaba rayeche ebam grahakara tadera khabara upabhoga na karale pratyekera sathe katha baluna.,0
54,Ansati bisala chila!,1
55,"Eti pachanda kareche... Bandhutbapurna sarbhara, durdanta khabara, durdanta ebam kalpanaprasuta menu.",1
56,Sahara bhegase harta ayataka grila ekati restomratira jan'ya ekebare samatala-rekhayukta ajuhata.,0
57,Besi siphuda naya ebam nice 5 ti strastera mato pasta.,0
58,"Syalade sathika parimane sasa chila skyalalpera upara sakti na baranora jan'ya, ya puropuri ranna kara hayechila.",1
59,"Chitiye thaka kalati kebala chire na, petra'ipha'ida ebam sbadahina.",0
60,Apanake 10 minitera jan'ya uttolana karara lara'iyera age kamapakse amara jala punaraya purana karara katha bhabuna.,0
61,E'i jayagati tadera abedanakaridera jan'ya tara grahana kare!!!,1
62,Kakatelaguli samasta hastanirmita ebam susbadu.,1
63,Amara abasya'i ekhane abara phire yete ca'i.,1
64,Amara e'i jayagati peyechi bale amara khuba anandita.,1
65,"Durdanta khadya ebam pariseba, bisala ansa ebam tara ekati samarika chara deya.",1
66,Dasa gringote sarbada durdanta samaya!,1
67,Apadeta..... Dbitiya bara phire gela ebam eti ekhana'o thika ascaryajanaka chila,1
68,Amara khabarati peyechi ebam sambhabata tara kakhana'o labanera katha soneni ebam machera pitha cibano chila.,0
69,Ekati durdanta sesa karara durdanta upaya.,1
70,E'i cuktite 5 ti sbada ebam 2 paniya antarbhukta chila ebam jepha amadera pratyasara ceye'o besi ebam besi chila.,1
71,"- Satyi'i, satya'i bhala cala, saba samaya.",1
72,Parisebati chila meha.,0
73,"Tadera milkaseka pete 30 minitera besi samaya legeche, ya cakoleta dudha chara ara kichu'i naya.",0
74,"Amara dharana, amara jana ucita chila ye e'i jayagati stan'yapana karabe, karana eti eksaliburera abhyantare, tabe ami amara sadharana jnanati byabahara kari ni.",0
75,Skyalalapa disati pasapasi manera jan'ya besa bhitu.,0
76,2 Bara - khuba kharapa grahaka pariseba!,0
77,Misti alura bhaja khuba bhala ebam paka bhala chila.,1
78,Aja ami dbitiya bara tadera madhyahnabhoja buphe giyechilama ebam eti besa bhala chila.,1
79,Bhegase aneka bhala khabara rayeche ya bhata ebam sansthaya giye kha'oyara suyoga nasta karara jan'ya nijeke pratarana bodha kari.,0
80,Ekhane asa ha'la ekati antarnihita samparkera abhijnata arjanera mato yekhane ubhaya paksa'i an'ya byaktira bicchedera jan'ya apeksa karate pare na.,0
81,Hamtacala kare jayagati puratana grija tryapera mato gandha peyechila ebam sekhane kebala 2 jana'i khacchena.,0
82,Tarki ebam rosta garura mansa misrita chila.,0
83,E'i jayaga ache!,1
84,Pyana keka saba'i chaya bacharera purano talu anusare misti duryogera mato sbada niye pagala karache.,0
85,Ami pho'o ebam basantera rolaguli bhalobasi oha ta'i mukharocaka apanake cesta karate habe.,1
86,Mansera anupatera tulanaya durbala bata muragira tendaragulike khuba asantusta kare tole.,0
87,Amara ya balara darakara ta hala khabarati ascaryajanaka chila!!!,1
88,Omeleta marate haya!,1
89,Sabakichu chila taja ebam susbadu!,1
90,"Sanksepe, eti besirabhaga ksetre hatasajanaka da'inim abhijnata chila.",0
91,"Eti apanara mukhera satyi'i seksi partira mato, yekhane apani partira sabaceye janapriya byaktira sathe maratmakabhabe phlarta karachena.",1
92,"Harda raka kyasino age kakhana'o chila na, eti kakhana'o agrima padaksepa na!",0
93,Sera pratahrasera buphe!!!,1
94,Apanara tipa ledike bidaya jano!,0
95,Amara ara kakhana'o yaba na.,0
96,Abara phire asabe!,1
97,Druta khabara elo!,1
98,Eta bhalo chila na.,0
99,"Uparera dike, tadera kyaphe satyi'i bhala khabara paribesana kare.",1
100,"Amadera sarbharati durdanta chila ebam yakhana tini janate paralena ye stri bhaja rasuna ebam asthi majja pachanda kare, takhana tini amadera khabara ebam ara'o ekati majja yoga karalena!",1
101,"Kebalamatra bhala jinisati chila amadera oyetara, tini khuba sahayaka chilena ebam raktakta merira agamana caliyechilena.",1
102,"Sahare sera buphe, damera jan'ya apani eti harate parabena na.",1
103,"Ami e'i oya'ina hrase ranna kara tadera jhinukaguli pachanda karechi, hamsera komala chila ebam tadera alura thala susbadu chila.",1
104,Eti ami ye ara'o bhala buphete esechi is,1
105,Ta'i amara ta'igaralilite giyechilama ebam ekati durdanta bikele!,1
106,"Khabarati susbadu chila, amadera baratendarati manoyogi ebam upayukta chila ebam amara ekati durdanta cukti peyechi!",1
107,Paribesati durdanta ebam sekhane sangita bajano ache.,1
108,Parera tripa phire yete habe.,1
109,Su'o'o bhala!!,1
110,"Satyikarera susi premira, asuna satya katha baluna - iyama temana bhala na.",0
111,Ardara de'oyara samaya ebam khabarati paumche de'oyara madhye kamapakse 40 minita uttirna haya ebam eti etata byasta chila na.,0
112,Eti ekati durdanta tha'i restoram ya abasya'i dekhara jan'ya mulyabana.,1
113,"Sundara, masaladara ebam komala.",1
114,Bhala dama.,1
115,Eta dekha.,1
116,Eta besa sthula chila!,0
117,Ami bhala paribesa chila.,0
118,Eka dharanera stika jagakhicuri kara kathina tabe tara ta kareche.,0
119,"Yadi'o ami e'i jayagara cehara ebam sabdati khuba pachanda karechi, tabe asala abhijnatati kichuta hatasara.",0
120,Ami thika jani na ye e'i jayagati yakhana ami bharatiya khabara ranna karechilama takhana ami ye dharanera narama khabara kheyechi seguli kibhabe paribesana karechila.,0
121,"Buta karara jan'ya sabaceye kharapa pariseba, tabe eti tadera udbegagulira madhye sabaceye kama.",0
122,Pariseba bhala chila ebam oyetresa bandhutbapurna chila.,1
123,"E'i chelera sabara'i stika chila, ebam amadera stika premamaya putra yini sabaceye bhala ebam kharapa jayagaya steka karechilena tini balechilena ye eti ekhana paryanta sabaceye bhala steka chila.",1
124,"Amara bhebechilama bhala susi pete apanake ara'o dure yete habe, tabe e'i jayagati satyi'i se'i rate sparsa kareche.",1
125,"Hosta staphara chila, ara'o bhala kathara abhabe, bitasa!",0
126,Blyanda... Besa kayekati karane e'i jayagatike pachanda karache na ebam ami kharapa paryalocanaya samaya nasta karate ca'i na.. Ami etake chere deba...,0
127,"Udbhasita khabara, pariseba ebam paribesana.",1
128,Ami phire asaba na.,0
129,"Suyorera petera jan'ya stripati bera kare de'oyara mato mulyabana, parera bara yakhana ami bhegase asaba takhana phire asabe.",1
130,E'i jayagati majhari khabarera jan'ya khuba besi damera.,0
131,Pena bhodaka durdanta!,1
132,"Tadera pracura parimane mansalupha syanda'u'ica, ekati khasta muragira moraka, ekati dalisa tuna galano ebam kichu susbadu bargara saha khabarera bhala pachanda rayeche.",1
133,Byabasthapana abhadra.,0
134,"Susbadu ena'oya'isi byagelasa, krima panira bhala pachandaguli, emanaki kyaparagulira sathe riyela laksa.",1
135,"Durdanta saba'oye, bastabe eti khuba bhala yakhana apani ekhane asena takhana pratiti an'yan'ya patala rela apanara pratyasa purana kare na.",1
136,Ami ekhane ekati gurutara kathina pratahrasa karechi.,1
137,Eti bhyagasera khabara saha sera baragulira madhye ekati.,1
138,"Tini atyanta abhadra chilena ebam satya'i, oyegase saptahante ami khete pachanda karaba emana ara'o aneka restomra rayeche.",0
139,Amara paniya kakhana'o khali chila na ebam tini kichu durdanta menu paramarsa diyechena.,1
140,Eta karabena na!!!!,0
141,Oyetara sahayaka ba bandhutbapurna chila na ebam khuba kama'i amadera upara pariksa kare.,0
142,Ami ebam amara sbami ekhane dupurera khabara kheyechi ebam khabara ebam pariseba niye khuba hatasa hayechilama.,0
143,Ebam lala tarakari bamsera ankura khuba besi chila ebam eti amara kache khuba susbadu chila na.,0
144,Sarbopari mojera durdanta kambala tabe amara mane hacche sabapara khabaraguli upakate eti kara hayechila.,1
145,Batharumaguli pariskara ebam jayagati nije'i bhalabhabe sajjita.,1
146,"Menu sarbada paribartita haya, khadyera mana hrasa pacche ebam parisebati atyanta dhira gatite.",0
147,"Parisebati kichuta dhira chila, bibecana kare ye 3 jana sarbharera dbara paribesita hayechila ta'i khabarati dhira gatite asachila.",0
148,Ami eta 2 thambasa da'una dite,0
149,Amara amadera oyetarake an'yan'ya tebilagulite ara'o besi manoyoga dite dekhechi ebam amadera eriye calechi.,0
150,Amara bagadatta ebam ami dinera majhamajhi samaye esechilama ebam amadera sathe sathe sbagata janano hayechila ebam base achi.,1
151,Eti mandalaya upasagarera ekati durdanta restomra.,1
152,Amara brtha pamca minita apeksa karalama.,0
153,Salada niye asa krastini basi chila.,0
154,Kichu ha'ila'itasa: Durdanta manera nigiri ekhane!,1
155,Karmira bandhutbapurna ebam yautha sabasamaya pariskara.,1
156,Eti an'ya dina tukarotira ceye alada kata chila tabe ekhana'o durdanta ebam snehadhara hisabe bhala v,1
157,Ami bhudo pasta ardara karechi ebam besa kayeka bachara age athalo phri ya'oyara pare prathamabarera mato ami satyi'i durdanta pasta peyechilama.,1
158,E'i jayaga bhala.,1
159,"Durbhagyakrame, amara abasya'i baki dina bekaritike aghata karate pari karana amara ye adesa diyechi ta samasta ste'ila chila.",0
160,Tara sthanantarita ebam ekhana'o mugdha na ha'oyara pare ami aja phire esechi.,0
161,Ami sange sange basalama.,1
162,Tadera menuti bibidha ebam yuktisangata damayukta.,1
163,Erano ya'i hoka na kena!,0
164,Restomra sarbada purna tabe kakhana'i apeksa naya.,1
165,Susbadu!!,1
166,E'i jayagati ha'la phiniksa metro ancale khete sera sthanagulira madhye ekati.,1
167,Apani yadi bhala khabara sandhana karena tabe sekhane yabena na...,0
168,Amara sathe eta kharapa acarana kakhana'o haya ni.,0
169,Bekana hela nonata.,1
170,"Amara palam saka ebam ayabhokado salada'o ardara karechi, upadanaguli du: Khajanaka chila ebam dresinyera aksarika sun'ya sbada chila.",0
171,"Eti satyi'i bhegasa suksma da'inim hisabe byabahrta hata, thika kona'o dama talikabhukta mahiladera hate menugulite de'oya habe.",1
172,Oyetresaguli khuba bandhutbapurna.,1
173,"Lardi, kha'o so'i emana ekati thala ya kari premidera jan'ya misa kara ucita naya!",1
174,Menute thaka samasta kichu durdanta ebam amara amadera'o siharita karechilama ye tara amadera niramisa kan'yara jan'ya ascaryajanaka byabastha kareche.,1
175,"An'yan'ya paryalocana dbara bicara karara jan'ya ami egulike rate dhara diyechilama, kintu ami phire yete anupranita ha'i na.",0
176,Ekhane parisebati pachandasa'i ha'oyara jan'ya aneka kichu chere yaya.,0
177,Sbacchandyera sparsa bajaya rekhe bayumandalati adhunika ebam nitambapurna.,1
178,"Saptahika hanta naya, abasya'i ekabare ekabare phire asara jayaga.",1
179,Ke'u amadera ardara nite ke'u jijnasa na kare amara aksarikabhabe sekhane 20 minitera jan'ya basechilama.,0
180,"Bargarera ekebare kona'o sbada chila na - mansa nije'i puropuri komala chila, bargarati overcooked chila ebam kona'o kathakayalara sbada chila na.",0
181,Ami abara'o eti prerana na karara sid'dhanta niyechi karana amadera oyetresa dekhe mane hacche tini harta ayatakera pathe.,0
182,Ami eta abhadra acarana kara sajjita!,0
183,Eta sambhabata mayala chila.,0
184,"E'i jayagati pachanda karuna, ami yakhana sbasthyakara kichu ca'i tabe spastatake hita kare tabe parimana ba gandhera abhaba haya na.",1
185,Ami lebu raspaberi a'isa kakatela ardara karechi ya abisbasya'o chila.,1
186,"Khabarati cuse phelechila, ya amara pratyasa karechilama tabe eti amadera kalpanara ceye'o besi stan'yapana karechila.",0
187,Akarsaniya sajja.,1
188,Ami satyi'i ya pachanda kari sekhane krepa stesana ache.,1
189,"Echara'o paribesana kara haya garama ruti ebam makhana, ebam barite tairi alu cipasa upara bekana bita saha.... Khuba asala ebam khuba bhala.",1
190,Apani tadera susbadu khabara prastuta karate dekhate parena!),1
191,Dimera duti rola'i chila durdanta.,1
192,Amara ardara ele ekajana ga'iro nikhomja chila.,0
193,"Amara danagulira sathe ekati salada chila, ebam dejartera jan'ya kichu a'isakrima ebam bama besa santusta bodha karachila.",1
194,Phiniksa myagajinera pathakara kibhabe joke upatyakara sera hata daga hisabe nirbacita karechilena ta ami satyi'i niscita na'i.,0
195,Pho era susbadu batite ya'oyara sera jayaga!,1
196,Sukrabara sarasari sangita puropuri phumse utheche.,0
197,Ami kakhana'o besi apamanita ba asam'manita ha'ini felt,0
198,Khuba bandhutbapurna karmi.,1
199,Eta dra'ibha mulya.,1
200,"Ami e'i jayaga samparke bhala jinisa sunechi, kintu eti ami asa karate pare pratiti asa chariye geche.",1
201,Khadya durdanta chila ebam ta'i pariseba chila!,1
202,Usna biyara sahayya kareni.,0
203,Durdanta branca spata.,1
204,Pariseba bandhutbapurna ebam amantranamulaka.,1
205,Khuba bhala lanca spata.,1
206,Ami ekhane 1979 sala theke basabasa karechi ebam e'i jayagatite pa rakhara eti'i prathama (ebam sesa) samaya chila.,0
207,Sarbakalera sabaceye abhijnata'i.,0
208,E'i jayagaya abasya'i apha apha na'ita ha'oya ucita.,0
209,"Paksaguli susbadu - misra masaruma, i'ukana sonara puri, sada karna - sundara.",1
210,Yadi e'i bagati kakhana'o na dekha yaya tabe ami abasya'i ekati 4 diye ditama tabe pracirera an'yadike yekhane e'i bagati arohana karache seti chila rannaghara.,0
211,"Praya 10 minitera jan'ya, amara yakhana bujhate pari ye eti sighra'i kona'o samaya asache na takhana amara tara saladera jan'ya apeksa karachi.",0
212,Amara bandhu salamana tartara pachanda karata.,1
213,Phire yabe na.,0
214,Carama susbadu!,1
215,Oyetresa yadi'o bhala chila!,1
216,Sogi ebam bhala na.,0
217,Jama'ikara mojitoguli susbadu.,1
218,Ya chota ebam damera mato naya.,0
219,- Khabara samrd'dha ta'i se'i anuyayi ardara karuna.,1
220,"Jharana ksetrati ba'ire rayeche sutaram apani kebala dhuye phelate parena, puro jharana nite parabena na, yadi na apani sabara dekhara jan'ya nagna haye kichu mane karena na!",0
221,Parisebatite kichuta abhaba chila.,0
222,"Labastara biska, brasela spra'utasa, risoto, pha'ilta sabagulite nuna ebam golamarica darakara chila.. Ebam abasya'i tebile kichu'i ne'i.",0
223,Asa kari tadera byabasayera ba'ire ya'oyara jan'ya e'i mastakaguli ebam ye ke'u ranna karate pare se bhitare asate pare.,0
224,"Eti haya khuba thanda, paryapta sbada ba thika kharapa chila na.",0
225,Ami bekana morano khejura pachanda.,1
226,Eti ekati abisbasya baraga'ina!,1
227,Attora lokera amadera sarbada ta'i sbagata janaya ebam bisesa bodha kare.,1
228,"""Ma'inasa"" hisabe'o nirabacchinna.",0
229,Eti se'i jayaga yekhane ami prathama pho chila ebam eti ascaryajanaka chila!!,1
230,Amara yakhana'i abara sahare thaki takhana e'i camatkara abhijnata e'i jayagatike abasya'i thamiye deya.,1
231,Yadi khabarati apanara pakse yathesta kharapa na haya tabe bisbera sabaceye kharapa/ biraktikara matala lokadera sathe acarana kara upabhoga karuna.,0
232,Khuba majadara sepha,1
233,"Dabala pijarabargarake nirdesa diyechilena ebam emana ekaka pyati peyechena ya bhene parache (chabi apaloda kara hayeche) hyam, ekhana'o cusache.",0
234,Ekati dampati paniya pana karara jan'ya durdanta jayaga ebam tibhira deyalaguli abrta ha'oyaya kona'o krira ibhenta dekhara jan'ya.,1
235,Yadi tadera sun'ya naksatra de'oya sambhaba hata tabe tara ta peta.,0
236,"Barnanaya""iyama iyama sasa"" ebam an'yajana""a'ila sasa"" balechilena, an'ya ekajana""masaladara mayo"" balechena... Bhala rolagulira kona'otite'i sasa chila na.",0
237,"Ami balaba ye eti sabaceye kathina sid'dhanta habe... Satyi balate, ema era samasta khabaraguli kibhabe tadera sbade ascaryajanaka (ascaryajanaka) sbada haya.",1
238,Tini yadi cokha na ghamiye thakena tabe amara thakate'i pari... Amara phire giye abara cesta karaba kina ta niscita naya.,0
239,"Pratyeke'i khuba manoyogi, durdanta grahaka pariseba sarabaraha karache.",1
240,Bhayabaha - apanara samaya ebam artha apacaya karabena na.,0
241,Ekhana e'i thalati besa sbadayukta chila.,1
242,Etaksane restomratira pasati praya khali chila ta'i kona'o bahana chila na was,0
243,"(Eti kona'o byasta chila na) echara'o, bhabanati sitala sitala chila.",0
244,"An'yan'ya paryalocaka yemana balechilena""apani amake e'i jayagaya abara khete dite parena na.""",0
245,-Drinsa eka paryaye ba'ire asate 30 minitera kachakachi samaya neya.,0
246,"Gurutarabhabe sbadayukta ananda, lokera.",1
247,Ami an'yan'ya VeYCE era susi jayagara ceye aneka bhala better,1
248,Mejaja seta karara jan'ya alo kebala andhakara.,1
249,Ami ye upa-sama-parisebati peyechi tara upara bhitti kare ebam amara byabasayera prati tadera krtajnata dekhanora kona'o pracesta ami ara phire yaba na.,0
250,Malikara asale'i durdanta manusa!,1
251,Sekhane kaja/ kha'oyara bisaye kona'o suyoga subidha ne'i.,0
252,Grika dresim chila khuba krimayukta ebam sbadayukta.,1
253,"Samagrikabhabe, ami mane kari na ye ami amara pitamatake abara e'i jayagaya niye yaba karana tara besirabhaga anurupa abhiyoga karechila ya ami cupa kare'i anubhaba karechi.",0
254,Ekhana pijja nije'i bhala chila cinabadamera sasa khuba susbadu chila.,1
255,Amadera tebile amadera 7 chila ebam parisebati khuba druta chila.,1
256,Ekhane camatkara pariseba.,1
257,Ami'o sambhaba hale gadaphadaradera sun'ya naksatra deba.,0
258,Tadera ekhane kibhabe tairi kara yaya ta tara jane.,1
259,Khuba sakta ebam sbade khuba sanksipta!,0
260,Ami asa kari e'i jayagati praya lathi dhareche.,1
261,Ami bhegase kayekati barera'o besi chilama ebam tyapa jalera jan'ya kakhana'i carja adaya karara katha mane kari na.,0
262,Restomratira paribesati chila durdanta.,1
263,"Buta karara jan'ya bhala pariseba, khuba pariskara ebam sasta and",1
264,Samudrika khabara tataka ebam udara chila.,1
265,"Echara'o, eti 8 taka matra.",1
266,Parisebati'o samana chila na.,0
267,Ekhana'o abadhi kebala dubara paridarsana karechena ebam pratibara'i khabarati ekebare susbadu chila.,1
268,Eka bacharera'o besi age yakhana chilama thika temani bhalo!,1
269,"Ekati sba ghosita kaphi kyaphera jan'ya, ami ban'yabhabe hatasa chilama.",0
270,Niramisasi thalati e'i prthibira ba'ire!,1
271,Apani ekhane kona'o khabarera sathe bhula karate parabena na.,1
272,Apani eti marate parabena na.,1
273,"Ayaranamyanera haye myadisane thakakalina e'i jayagati thamano hayeche, atyanta bandhutbapurna, sadaya karmi.",1
274,Sephara bandhutbapurna chila ebam ekati bhala kaja kareche.,1
275,"Ami kebala utsargikrta boba ca spataguli theke naya, emanaki jeni pho theke'o bhala karechi.",0
276,Ami pyati'oti pachanda karechi ebam parisebati asaman'ya chila.,1
277,Chagala tako mansera upara jhampiye pare na ebam baha ki sbada!,1
278,Ami abara na bale mane kari,0
279,Amara kache myaka salada chila ebam eti besa narama chila ta'i ami ara ta paba na.,0
280,Ami bandhura paramarse baci bargare giyechilama ebam hatasa ha'ini.,1
281,Pariseba ekhane durgandha!,0
282,Ami apeksa kare apeksa karalama.,0
283,"E'i jayagati manera susi naya, eti kona'o manera restomra naya.",0
284,Ami abasya'i pijjara pasapasi u'insera suparisa karaba.,1
285,Durdanta pijja ebam salada!,1
286,Ye jinisaguli bhula hayeche: - Tara saganaki jbaliye diyeche.,0
287,Amara ghare nastati karara jan'ya eka ghanta apeksa karechilama ya ami ghare 100 guna bhala karate paratama.,0
288,E'i jayagati ascaryajanaka!,1
289,"Ami amara sahayod'dhadera sathe dbimata posana karate ghrna kari, tabe ami ebam amara sbami e'i jayagati niye etata'i hatasa hayechilama.",0
290,"2 Ghanta apeksa karechena ebam amadera carapasera an'yan'ya yara pare esechilena, amadera pijjara kona'oti'i pana ni!",0
291,Kena tara eta dhira chila ta sudhu janena na.,0
292,"Karmira durdanta, khabara susbadu ebam tadera ekati bismayakara biyara nirbacana rayeche.",1
293,"Ami asepase thaki ta'i hatasa haye ami ara phire asaba na, karana eti subidhajanaka jayaga.",0
294,Ami janatama na tana suyorera mansa khuba susbadu hate pare.,1
295,Apani yatna saha prastuta abisbasyabhabe taja macha pana.,1
296,Ami kena 1 ti taraka retim diyechi tara age ami daya kare jene rakhuna ye eti amara trtiya bara bacca bargare kha'oya ekati paryalocana lekhara age.,0
297,Ami e'i satyati pachanda kari ye tadera menute thaka samasta kichura jan'ya mulyabana.,1
298,Ami ara kakhana'o e'i jayagaya kha'oya habe na!,0
299,Khabarati durdanta chila ebam parisebati khuba bhala chila.,1
300,Bhala biyara ebam paniya paniya ebam bhala khadya nirbacana.,1
301,Cinri naruna bhaja nudalasa theke dure thakuna.,0
302,Alu cipera kramati duhkhajanaka chila... Ami sambhabata se'i bakse kataguli cipa chila ta ganana karate pari ebam eti sambhabata 12 era kachakachi.,0
303,Khabara satyi'i biraktikara chila.,0
304,Bhala pariseba-ceka!,1
305,E'i lobhi karporesana amara kacha theke ara kona'o da'ima dekhate pabe na!,0
306,"Kakhana'o habe na, kakhana'o phire yete habe.",0
307,"Ami yatata phire yete ca'i, ami atyacari parisebati pasa karate pari na ebam kakhana'i phire asaba na.",0
308,"Grisme, apani ekati akarsaniya bahirangana pyasiyaya khabara khete parena - khuba anandadayaka.",1
309,Ami e'i eta bhala habe asa kari na!,1
310,Camatkara khabara!,1
311,Tini tosteda inlisa maphina ardara karalena ya toste beriye eseche.,0
312,Khabarati khuba bhala chila.,1
313,Ara phire yacchi na.,0
314,"Damera jan'ya durdanta khabara, ya khuba ucca manera ebam bari tairi.",1
315,An'yadike basera cheleti etata abhadra chila.,0
316,"E'i muhurte, amara bandhura ebam ami mulata e'i jayagati ekati rasikata khumje peyechi ebam eti prakasye ebam uccasbare janate apatti karini.",0
317,"Bhala bibiki'u, halaka bhara, yuktisangata mulye phire yana ebam janaganake janana ye tara purano upaye phire eseche.",1
318,Ebam amara du'janake sekhane praya puro 20 dalarera jan'ya khuba purna ebam khusi rekhe bibecana kare apani bhula karate parabena na.,1
319,Ghare base saba ruti banano haya!,1
320,Ekamatra netibacakata pariseba.,0
321,"Echara'o, phra'i sandeha chara'i amara madhye sabaceye kharapa phra'i hayeche.",0
322,Parisebati byatikrami chila ebam samasta paryalocana hisabe khabarati bhala chila.,1
323,"Kayeka masa pare, ami phire esechilama ebam ekati durdanta khabara kheyechi.",1
324,Sa'oyarrarrrma era jan'ya sahare priya jayaga!!!!!!,1
325,Kalo cokhera matara ara misti alu... Abastaba!,1
326,Apani hatasa habena na.,1
327,Tara kebala bhinigreta diye eti paribesana karate pare ebam eti ara'o bhala samagrika thala tairi karate pare tabe eti ekhana'o khuba bhala chila.,1
328,"Ami aneka aneka jayagaya giyechi ebam ami kona'o restomra kakhana'o dekhini ya 1 dimera nasta paribesana kare, bisesata $ 4.00 Era jan'ya.",0
329,Amara ma ebam ami barite ele tini tatksanat asustha haye parechilena ebam tara kache kebala kayekati salada chila.,0
330,Sarbharaguli mokabela karate sundara naya ebam tara sarbada pija hata kupanagulike sam'mana kare na.,0
331,"Ubhaya'i satya'i abisbasyarupe bhala chila, ebam ami phire esechi bale ami khuba anandita.",1
332,"Amadera durdanta seba chila, ebam bayumandale khusi hayechila.",1
333,Sabakichu sthula chila.,0
334,Ami e'i jayaga bhalabasa.,1
335,Durdanta pariseba ebam khabara.,1
336,Prathama - e'i jayagaya batharumaguli mayala chila - asanagulira kabharaguli punaraya purana kara hayani ebam kebala sarala iyaki!!!,0
337,"Bargara... Ami""golda styandarda"" e 17 dalara bargara peyechi ebam ekarakama hatasa hayechilama.",0
338,"O'emaji, khabarati chila dilisi'o!",1
339,E'i jayaga samparke khamti kichu ne'i.,0
340,Spyageti kichu'i bisesa naya.,0
341,"Samasta khabarera madhye, syamanati sera chila, tabe samasta durdanta chila.",1
342,Sabajiguli eta taja ebam sasati khamti tha'iyera mato anubhaba kare.,1
343,Eti takasana theke gari calanora pakse mulyabana!,1
344,Nirbacanati ami bhyagase sabaceye kharapa dekhechi..... Sekhane kichu'i chila na.,0
345,Khuba bhala biyara nirbacana.,1
346,E'i jayagati cipatalera mato tabe ara'o bhala.,1
347,"Utkrsta/ usna bayumandala, majadara ebam taja ksudha, susbadu stikasa (besabala steka!!!!!",1
348,Ita obhena rutira ayapera jan'ya pamca tara!,1
349,Ami ekhane ekadhikabara kheyechi ebam pratibara'i khabarati susbadu chila.,1
350,Amara ara'o dasa minita base abasese hala chere diye cale gelama.,0
351,Se chila bhayanaka!,0
352,Pratyeke'i samana bisesa bale bibecita haya.,1
353,Pyanakekasa ebam dimera jan'ya 30 minita samaya ne'oya ucita naya.,0
354,Eta susbadu chila!!!,1
355,"Bhala dika theke, karmira prakrtapakse anandadayaka ebam utsahi chilena - ekati bastaba trita.",1
356,"Duhkhera bisaya, gardana ramasira steka emana eka sthana ya amara bhagasera parabarti bhramane tibrabhabe erano ucita avoid",0
357,Barabarera mato sandhyati durdanta ebam khabarati susbadu chila!,1
358,Amara jibane sabaceye bhala macha chila!,1
359,(Batharuma thika pasera daraja ebam khuba sundara.),1
360,Bupheti chota ebam tadera de'oya samasta khabara'i chila bi'elyanda B,0
361,Eti amara sbadayukta kichu sera khabarera sathe ekati bahyika chota restomra.,1
362,Khuba sundara ami balaba.,1
363,Abasya'i amara jan'ya ekati apha apha ebam ami sandeha kari ye an'ya ke'u kena na hale ami phire asaba.,0
364,Sarbhara amadera brhata ra'udi tebilati paricalana kare durdanta kaja kareche.,1
365,Ami khabarake nasta karara mato mane kari tabe eti kebala khadya chila na.,0
366,Amara strira kache labastara bisku syupa chila ya chila halaka.,0
367,Bhyagase thakakalina amara yadi susi trsna haya tabe abara phire asaba.,1
368,"Karmira durdanta, uccabhilasa durdanta.",1
369,Tini pamcati tara prapya.,1
370,Ami pete byatha niye cale gelama ebam sara dina asustha bodha karalama.,0
371,Tara balera ceye besi bada pareche.,0
372,"Da'inim spesa chota, tabe marjitabhabe sajjita ebam aramadayaka.",1
373,"Tara apanara ardarati apanara pachanda anuyayi ye kona'o upaye kastama'ija karabe, amara sbabhabikati hala sabuja binera sathe beguna ha'la bhajuna, eti pachanda karuna!",1
374,Ebam matarasuti ebam cala sabaceye bhala chila majhari.,0
375,Sahare sera tako ekhana paryanta!!,1
376,Ami amara taka phiriye niye sekhane cale gelama.,0
377,"Saharera akarsaniya anse, e'i jayagati ascaryajanaka.",1
378,Ruda ebam ekacetiya paricalana.,0
379,"Karmira ekhana temana bandhutbapurna naya, paribesana karara apeksa karara samayaguli bhayabaha, ke'u ke'u prathama 10 minitera jan'ya ha'i'o bale na.",0
380,Ami phire asaba na.,0
381,Tadera durdanta dinara rayeche.,1
382,Parisebati bahiragata chila ebam ami abasya'i halibatake prastaba di'i.,1
383,Khabarati bhayanaka chila.,0
384,Kakhana'o kakhana'o phire asabe na ebam aneka lokake ya bala hayeche ta balaba na.,0
385,Apanara gariti samane na bhene ebam apani anahare na thakale ami prastaba di'i na.,0
386,Ami pratibara bhyagase phire asaba.,1
387,E'i jayagati eka tarara prapya ebam khabarera sathe 90% karaniya rayeche.,0
388,Eti ekati apamanajanaka.,0
389,Parera bara bolinye phire asena dipha,1
390,"Apani yadi sbasthyakara khamti ba jatigata khabara cana, tabe e'i jayagati cesta karuna try",1
391,Ami ekhane ledisa na'ita ebam edidi tarikhera rate asa abirata karaba... Ye ke'u e'i ancale yara achena tadera kache e'i jayagati suparisa karuna.,1
392,Ami atite besa kayekabara ekhane esechi ebam abhijnatati sarbada durdanta.,1
393,Amara stapha kara theke dure cale gelama ebam amadera prathama bhegasa buphera abhijnata samparke khusi.,1
394,Parisebati durdanta chila ebam damaguli besa yuktisangata bibecana kare eti bhegasa ebam ariyara kristala sapim malera bhitare abasthita.,1
395,"Sanksiptasara hisabe... Khabarati abisbasya chila, naya, atikranta... Tabe kichu'i bayusankranta paribesana sarabarahakarira smrtira mato amara kache ananda aneni.",1
396,Ami sambhabata iyanasa yete khuba kama lokera madhye ekajana ebam eti pachanda kare na.,0
397,Kidosera jan'ya pracura durdanta sa'ida disa bikalpa saha baccadera pijja harahamesa'i hita!,1
398,Pariseba nikhumta ebam paribarika bayumandalati dekhate sundara.,1
399,Paripurnata ranna kara ebam pariseba anarthaka chila.,1
400,Eti kebala hatasara.,0
401,"Samagrikabhabe, ba'ucane khabarera manera karane ami khuba hatasa hayechi.",0
402,Ami kharapa haye yacchi ta janara jan'ya amake ayaka'untenta hate habe na!,0
403,"Kha'oyara durdanta jayaga, sana phransisako be eriyaya chotta ma ebam papa sapagulira katha mane kariye deya.",1
404,Aja amara prathama buladogisa gurameta hata dagera sbada chila ebam ami apanake balate ca'i ye ami eti kakhana'o sambhaba bale bhaba ceye besi chila.,1
405,Khuba hatasa bama.,0
406,Ami abasya'i abara sighra'i asaba.,1
407,Khabarati satyi'i bhala chila ebam ami purna ksudratama peyechilama.,1
408,Pariseba camatkara chila.,1
409,Samayera mota oyesta.,0
410,Ami jani na eti ki dharanera tabe tadera kache sera a'isada ca rayeche.,1
411,"Ksudharta haye asuna, khusi ebam stapha chere dina!",1
412,"Parisebara jan'ya, ami tadera kona'o tara de'i na.",0
413,Ami apanake asbasa dite pari ye apani hatasa habena na.,1
414,Ami kichuta kharapa seba nite pari tabe khabarati saphala haya.,0
415,Kona khamja kha'oyara cesta kare chere gelama (damte ekhana'o byathahina),0
416,Tabe ekhana ami puropuri uparjana karechi.,0
417,Ami satyi'i ekhane kha'oya upabhoga karechi.,1
418,Prathamabara yacchi tabe ami mane kari ami druta ekati niyamita haye uthaba.,1
419,Amadera sarbharati khuba sundara chila ebam yadi'o tini amadera samasta prayojanera sathe kichuta abhibhuta dekhachilena tabe sesa paryanta tini pesadara ebam bandhutbapurna chilena.,1
420,Amara ratera khabarera sahayogira amake ya balechila ta theke... Sundara jamina ebam sbada saha sabakichu khuba taja chila.,1
421,"Matite, amadera tebilera thika pase'i chila ekati bisala, gandhayukta, padaksepayukta ebam tryaka-saba jayagate'i sabuja pakhira popera stupa.",0
422,"Tadatirikta, apani emanaki oyebasa'ite kayeka ghanta aparesana'o khumje pabena na!",0
423,Amara e'i jayagati pachanda karara cesta karechi tabe 10+ barera pare amara mane haya amara tadera sathe sesa karechi.,0
424,Ki bhula chila!,0
425,Abhiyoga ne'i!,1
426,Eti kichu maratmakabhabe bhala pijja ebam ami e'i bisayatira ekajana bisesajna/ abhijna.,1
427,Oyetara chila eka jhamkuni.,0
428,"Stra'ika 2, yini chute yete cana.",0
429,Eguli amara madhye sabaceye bhala restoramra malika.,1
430,Ami ara kakhana'o asi na.,0
431,Amara biskuta pachanda karatama!!!,1
432,Parisebati druta ebam bandhutbapurna.,1
433,Ekati ksudhartake adesa diyechilena ebam 40 minita ebam tara pare pijja ara'o 10 minita nena.,0
434,Ta'i ekebare camatkara.,1
435,It was a huge awkward 1.5lb piece of cow that was 3/4ths gristle and fat.,0
436,definitely will come back here again.,1
437,Ami ste'inaradera pachanda kari karana eti andhakara ebam eti barera mato anubhuta haya.,1
438,Wow very spicy but delicious.,1
439,Apani yadi paricita na hana tabe eti pariksa kare dekhuna.,1
440,I'll take my business dinner dollars elsewhere.,0
441,Ami phire yete ca'i.,1
442,"Anyway, this FS restaurant has a wonderful breakfast/lunch.",1
443,Bisesa kichu na.,0
444,Each day of the week they have a different deal and it's all so delicious!,1
445,"Not to mention the combination of pears, almonds and bacon is a big winner!",1
446,Will not be back.,0
447,Sauce was tasteless.,0
448,"The food is delicious and just spicy enough, so be sure to ask for spicier if you prefer it that way.",1
449,My ribeye steak was cooked perfectly and had great mesquite flavor.,1
450,I don't think we'll be going back anytime soon.,0
451,Khabara khuba bhala chila.,1
452,I am far from a sushi connoisseur but I can definitely tell the difference between good food and bad food and this was certainly bad food.,0
453,Amara khuba apamana kara hayechila.,0
454,The last 3 times I had lunch here has been bad.,0
455,The chicken wings contained the driest chicken meat I have ever eaten.,0
456,"The food was very good and I enjoyed every mouthful, an enjoyable relaxed venue for couples small family groups etc.",1
457,Nargile - I think you are great.,1
458,Daksina-pascimera sera tetara tatasa.,1
459,Amara jayaga pachanda.,1
460,Ami ye $ 3 diyechilama ta abasya'i mulyabana naya.,0
461,The vanilla ice cream was creamy and smooth while the profiterole (choux) pastry was fresh enough.,1
462,Ami saraksana ejede achi ebam ekhana amara natuna spata rayeche.,1
463,The manager was the worst.,0
464,Bhitare satyi'i besa sundara ebam khuba pariskara.,1
465,The food was outstanding and the prices were very reasonable.,1
466,I don't think I'll be running back to Carly's anytime soon for food.,0
467,"Eti sbikrti pete 20 minita samaya niyeche, tarapare amadera khabara pete ara'o 35 minita samaya legeche... Ebam tara jinisa bhule yete lagala.",0
468,Marjaritasake'o bhalobasi!,1
469,This was my first and only Vegas buffet and it did not disappoint.,1
470,"Very good, though!",1
471,The one down note is the ventilation could use some upgrading.,0
472,Great pork sandwich.,1
473,Don't waste your time here.,0
474,"Total letdown, I would much rather just go to the Camelback Flower Shop and Cartel Coffee.",0
475,"Third, the cheese on my friend's burger was cold.",0
476,We enjoy their pizza and brunch.,1
477,The steaks are all well trimmed and also perfectly cooked.,1
478,We had a group of 70+ when we claimed we would only have 40 and they handled us beautifully.,1
479,I LOVED it!,1
480,We asked for the bill to leave without eating and they didn't bring that either.,0
481,"This place is a jewel in Las Vegas, and exactly what I've been hoping to find in nearly ten years living here.",1
482,Seafood was limited to boiled shrimp and crab legs but the crab legs definitely did not taste fresh.,0
483,The selection of food was not the best.,0
484,Delicious and I will absolutely be back!,1
485,"This isn't a small family restaurant, this is a fine dining establishment.",1
486,They had a toro tartare with a cavier that was extraordinary and I liked the thinly sliced wagyu with white truffle.,1
487,I dont think I will be back for a very long time.,0
488,"It was attached to a gas station, and that is rarely a good sign.",0
489,How awesome is that.,1
490,I will be back many times soon.,1
491,The menu had so much good stuff on it i could not decide!,1
492,"Worse of all, he humiliated his worker right in front of me..Bunch of horrible name callings.",0
493,CONCLUSION: Very filling meals.,1
494,Their daily specials are always a hit with my group.,1
495,And then tragedy struck.,0
496,The pancake was also really good and pretty large at that.,1
497,"This was my first crawfish experience, and it was delicious!",1
498,Their monster chicken fried steak and eggs is my all time favorite.,1
499,Waitress was sweet and funny.,1
500,"I also had to taste my Mom's multi-grain pumpkin pancakes with pecan butter and they were amazing, fluffy, and delicious!",1
501,"I'd rather eat airline food, seriously.",0
502,Cant say enough good things about this place.,1
503,The ambiance was incredible.,1
504,The waitress and manager are so friendly.,1
505,I would not recommend this place.,0
506,Overall I wasn't very impressed with Noca.,0
507,My gyro was basically lettuce only.,0
508,Terrible service!,0
509,Thoroughly disappointed!,0
510,"I don't each much pasta, but I love the homemade /hand made pastas and thin pizzas here.",1
511,"Give it a try, you will be happy you did.",1
512,By far the BEST cheesecurds we have ever had!,1
513,Reasonably priced also!,1
514,Everything was perfect the night we were in.,1
515,The food is very good for your typical bar food.,1
516,it was a drive to get there.,0
517,"At first glance it is a lovely bakery cafe - nice ambiance, clean, friendly staff.",1
518,"Anyway, I do not think i will go back there.",0
519,"Point your finger at any item on the menu, order it and you won't be disappointed.",1
520,"Oh this is such a thing of beauty, this restaurant.",1
521,If you haven't gone here GO NOW!,1
522,"A greasy, unhealthy meal.",0
523,first time there and might just be the last.,0
524,Those burgers were amazing.,1
525,"Similarly, the delivery man did not say a word of apology when our food was 45 minutes late.",0
526,And it was way to expensive.,0
527,"Be sure to order dessert, even if you need to pack it to-go - the tiramisu and cannoli are both to die for.",1
528,This was my first time and I can't wait until the next.,1
529,The bartender was also nice.,1
530,Everything was good and tasty!,1
531,This place is two thumbs up....way up.,1
532,"The best place in Vegas for breakfast (just check out a Sat, or Sun.",1
533,"If you love authentic Mexican food and want a whole bunch of interesting, yet delicious meats to choose from, you need to try this place.",1
534,Terrible management.,0
535,An excellent new restaurant by an experienced Frenchman.,1
536,If there were zero stars I would give it zero stars.,0
537,"Great steak, great sides, great wine, amazing desserts.",1
538,Worst martini ever!,0
539,The steak and the shrimp are in my opinion the best entrees at GC.,1
540,I had the opportunity today to sample your amazing pizzas!,1
541,We waited for thirty minutes to be seated (although there were 8 vacant tables and we were the only folks waiting).,0
542,The yellowtail carpaccio was melt in your mouth fresh.,1
543,I won't try going back there even if it's empty.,0
544,"No, I'm going to eat the potato that I found some strangers hair in it.",0
545,Just spicy enough.. Perfect actually.,1
546,Last night was my second time dining here and I was so happy I decided to go back!,1
547,"not even a ""hello, we will be right with you.""",0
548,The desserts were a bit strange.,0
549,My boyfriend and I came here for the first time on a recent trip to Vegas and could not have been more pleased with the quality of food and service.,1
550,"I really do recommend this place, you can go wrong with this donut place!",1
551,Nice ambiance.,1
552,I would recommend saving room for this!,1
553,I guess maybe we went on an off night but it was disgraceful.,0
554,"However, my recent experience at this particular location was not so good.",0
555,"I know this is not like the other restaurants at all, something is very off here!",0
556,AVOID THIS ESTABLISHMENT!,0
557,I think this restaurant suffers from not trying hard enough.,0
558,All of the tapas dishes were delicious!,1
559,I *heart* this place.,1
560,My salad had a bland vinegrette on the baby greens and hearts of Palm.,0
561,After two I felt disgusting.,0
562,A good time!,1
563,I believe that this place is a great stop for those with a huge belly and hankering for sushi.,1
564,Generous portions and great taste.,1
565,I will never go back to this place and will never ever recommended this place to anyone!,0
566,"The servers went back and forth several times, not even so much as an ""Are you being helped?""",0
567,Food was delicious!,1
568,AN HOUR... seriously?,0
569,I consider this theft.,0
570,Eew... This location needs a complete overhaul.,0
571,We recently witnessed her poor quality of management towards other guests as well.,0
572,Waited and waited and waited.,0
573,"He also came back to check on us regularly, excellent service.",1
574,Our server was super nice and checked on us many times.,1
575,"The pizza tasted old, super chewy in not a good way.",0
576,I swung in to give them a try but was deeply disappointed.,0
577,Service was good and the company was better!,1
578,The staff are also very friendly and efficient.,1
579,"As for the service: I'm a fan, because it's quick and you're being served by some nice folks.",1
580,Boy was that sucker dry!!.,0
581,Over rated.,0
582,"If you look for authentic Thai food, go else where.",0
583,Their steaks are 100% recommended!,1
584,After I pulled up my car I waited for another 15 minutes before being acknowledged.,0
585,Great food and great service in a clean and friendly setting.,1
586,"All in all, I can assure you I'll be back.",1
587,I hate those things as much as cheap quality black olives.,0
588,"My breakfast was perpared great, with a beautiful presentation of 3 giant slices of Toast, lightly dusted with powdered sugar.",1
589,The kids play area is NASTY!,0
590,Great place fo take out or eat in.,1
591,The waitress was friendly and happy to accomodate for vegan/veggie options.,1
592,OMG I felt like I had never eaten Thai food until this dish.,1
593,"It was extremely ""crumby"" and pretty tasteless.",0
594,It was a pale color instead of nice and char and has NO flavor.,0
595,The croutons also taste homemade which is an extra plus.,1
596,I got home to see the driest damn wings ever!,0
597,It'll be a regular stop on my trips to Phoenix!,1
598,I really enjoyed Crema Cafe before they expanded. I even told friends they had the BEST breakfast.,1
599,Not good for the money.,0
600,I miss it and wish they had one in Philadelphia!,1
601,"We got sitting fairly fast, but, ended up waiting 40 minutes just to place our order, another 30 minutes before the food arrived.",0
602,They also have the best cheese crisp in town.,1
603,"Good value, great food, great service.",1
604,Couldn't ask for a more satisfying meal.,1
605,The food is good.,1
606,It was awesome.,1
607,I just wanted to leave.,0
608,We made the drive all the way from North Scottsdale... and I was not one bit disappointed!,1
609,I will not be eating there again.,0
610,!....THE OWNERS REALLY REALLY need to quit being soooooo cheap let them wrap my freaking sandwich in two papers not one!,0
611,I checked out this place a couple years ago and was not impressed.,0
612,"The chicken I got was definitely reheated and was only ok, the wedges were cold and soggy.",0
613,"Sorry, I will not be getting food from here anytime soon :(",0
614,An absolute must visit!,1
615,The cow tongue and cheek tacos are amazing.,1
616,My friend did not like his Bloody Mary.,0
617,"Despite how hard I rate businesses, its actually rare for me to give a 1 star.",0
618,They really want to make your experience a good one.,1
619,I will not return.,0
620,I had the chicken Pho and it tasted very bland.,0
621,Very disappointing!!!,0
622,The grilled chicken was so tender and yellow from the saffron seasoning.,1
623,"a drive thru means you do not want to wait around for half an hour for your food, but somehow when we end up going here they make us wait and wait.",0
624,Pretty awesome place.,1
625,Ambience is perfect.,1
626,Best of luck to the rude and non-customer service focused new management.,0
627,Any grandmother can make a roasted chicken better than this one.,0
628,I asked multiple times for the wine list and after some time of being ignored I went to the hostess and got one myself.,0
629,"The staff is always super friendly and helpful, which is especially cool when you bring two small boys and a baby!",1
630,Four stars for the food & the guy in the blue shirt for his great vibe & still letting us in to eat !,1
631,The roast beef sandwich tasted really good!,1
632,"Same evening, him and I are both drastically sick.",0
633,High-quality chicken on the chicken Caesar salad.,1
634,Ordered burger rare came in we'll done.,0
635,We were promptly greeted and seated.,1
636,Tried to go here for lunch and it was a madhouse.,0
637,"Ami e'i susi bara dbara mrta bhula pramanita hayechila, kebala manera karane'i naya, tabe parisebati druta ebam khabara, anarthaka.",1
638,"After waiting an hour and being seated, I was not in the greatest of moods.",0
639,This is a good joint.,1
640,Ekhanakara myakaranaguli atyanta bhala.,1
641,Ami ekhane khacchi na!,0
642,"Our waiter was very attentive, friendly, and informative.",1
643,Maybe if they weren't cold they would have been somewhat edible.,0
644,This place has a lot of promise but fails to deliver.,0
645,Very bad Experience!,0
646,What a mistake.,0
647,Food was average at best.,0
648,Great food.,1
649,We won't be going back anytime soon!,0
650,Very Very Disappointed ordered the $35 Big Bay Plater.,0
651,Bisramera jan'ya durdanta jayaga ebam ekati daruna eka bargara ebam biyara rayeche.,1
652,It is PERFECT for a sit-down family meal or get together with a few friends.,1
653,"Not much flavor to them, and very poorly constructed.",0
654,The patio seating was very comfortable.,1
655,The fried rice was dry as well.,0
656,Hands down my favorite Italian restaurant!,1
657,"That just SCREAMS ""LEGIT"" in my book...somethat's also pretty rare here in Vegas.",1
658,It was just not a fun experience.,1
659,The atmosphere was great with a lovely duo of violinists playing songs we requested.,1
660,"I personally love the hummus, pita, baklava, falafels and Baba Ganoush (it's amazing what they do with eggplant!).",1
661,"Very convenient, since we were staying at the MGM!",1
662,Malikara supara bandhaba ebam karmira binayi.,1
663,Both great!,1
664,Eclectic selection.,1
665,The sweet potato tots were good but the onion rings were perfection or as close as I have had.,1
666,Karmira khuba manoyogi chila.,1
667,Ebam sepha tara samayera sathe udara chilena (emanaki du'bara kachakachi esechilena yate amara tamra sathe chabi tulate pari).,1
668,"Malika nabute kaja karatena, sutaram ardheka damera jan'ya e'i jayagati satyi'i anurupa.",1
669,Gugala majhari ebam ami kalpana kari smyasabargara papa apa habe up,0
670,dont go here.,0
671,Ami pratisruti karachi tara hatasa habe na.,1
672,As a sushi lover avoid this place by all means.,0
673,Ki durdanta dabala pijarabargara!,1
674,Awesome service and food.,1
675,Ekati durdanta pratibesa ratna!!!,1
676,I can't wait to go back.,1
677,The plantains were the worst I've ever tasted.,0
678,Eti durdanta jayaga ebam ami etira suparisa karachi.,1
679,Service was slow and not attentive.,0
680,"I gave it 5 stars then, and I'm giving it 5 stars now.",1
681,Apanara karmira amara ceye nijera sathe katha balate besi samaya byaya karena.,0
682,Dessert: Panna Cotta was amazing.,1
683,"Very good food, great atmosphere.1",1
684,Damn good steak.,1
685,Mota branca byartha.,0
686,"Prices are very reasonable, flavors are spot on, the sauce is home made, and the slaw is not drenched in mayo.",1
687,"Sajjati durdanta, ebam piyano sangita sa'undatryakati manorama.",1
688,Stekati ascaryajanaka chila... Araji philaleta rileleno amara kache sera siphuda pleta chila!,1
689,"Bhala khabara, bhala seba.",1
690,Eta ekebare ascaryajanaka chila.,1
691,"Ami sambhabata phire asaba na, satyi balate.",0
692,Abasya'i phire asabe!,1
693,Aju sasa saha sarjenta marica garura mansera syanda'u'ica pasapasi ekati durdanta syanda'u'ica.,1
694,"Ha'oya'iyana brija, myango myajika ebam anarasa dela'ita ha'la smudiguli ya ami e paryanta cesta karechi ebam seguli besa bhala.",1
695,Dupurera khabarera jan'ya giyechilama - parisebati dhira chila.,0
696,"Amadera hamtara age jayagati samparke amadera etota'i chila ye tini eti ascaryajanaka bale pratyasa karechilena, tabe druta hatasa hayechilena.",0
697,Ami hatabaka haye giyechilama,0
698,"Needless to say, we will never be back here again.",0
699,"Ya'ihoka, khabarati abasya'i mote'o bharata chila na, ebam ye damera mulya deya tara jan'ya apanara ara'o besi asa kara ucita.",0
700,Ye cipaguli beriye esechila seguli grisa diye phomta phomta karachila ebam besirabhaga'i bhojya chila na.,0
701,Ami stripa stekera sathe asale'i mugdha ha'ini.,0
702,2007 Sala theke cale asache ebam pratiti khabara durdanta hayeche!!,1
703,Our server was very nice and attentive as were the other serving staff.,1
704,The cashier was friendly and even brought the food out to me.,1
705,Ami pyarada'ija bhyalite atitheyata silpe kaja kari ebam sibora ara kona'o paramarsa de'oya theke birata thaki.,0
706,Ekhanakara paribesati majadara.,1
707,An'yake suparisa karabe na.,0
708,"Parisebati druta ebam emanaki""yete"" adesaguli thika amadera pachanda mato'i!",1
709,"Satyi'i ami balate ca'ichi, eti eta bhayabaha yakhana apani apanara macha ebam cipasera jan'ya eta bikhyata hana kibhabe!!",0
710,"That said, our mouths and bellies were still quite pleased.",1
711,Amara jinisa na.,0
712,2 Thambasa apa!!,1
713,Apani yadi eti parachena tabe daya kare sekhane yabena na.,0
714,"Ami grilada pijja pachanda karatama, la'ita italiya pijjara katha mane kariye diyechilama.",1
715,Kebalamatra pesadarara: Bara asara jayaga/ camatkara bara ancala/ durdanta sarala paniya menu/ ghare tairi mayadara sathe sera ita obhena pijja!,1
716,Tadera satyi'i sundara bayumandala rayeche.,1
717,Aja rate amara kache elaka pha'ilta bisesa chila... Ebam eti cuse gela.,0
718,"Ekati kamara pare, ami alingana kara hayechila.",1
719,Amara kayekabara sekhane ya'oyara pare kichu purano klasika ebam kichu natuna khabarera ardara diyechilama ebam samasta kichute khuba hatasa hayechi.,0
720,"Cute, quaint, simple, honest.",1
721,Muragiti susbadubhabe paka chila ebam eti ba'irera dike nikhumta bhaja ebam bhitare bhitare ardra muragi chila.,1
722,"Khabarati barabarera mato durdanta chila, sephake abhinandana janano.",1
723,Special thanks to Dylan T. for the recommendation on what to order :) All yummy for my tummy.,1
724,Biyarera durdanta nirbacana.,1
725,Great food and awesome service!,1
726,Ekati durdanta bisaya ha'la tara bile gryacuyiti yukta karechena yehetu amadera parti 6 ba 8 era ceye bara chila ebam tara era ceye besi tipa asa kare na.,1
727,Amara apelera rase ekati phla'i chila.. Ekati phla'i!!!!!!!!,0
728,Hana nana cikena'o khuba susbadu chila.,1
729,"Pariseba hisabe, ami eti bhala chila.",1
730,"The food was barely lukewarm, so it must have been sitting waiting for the server to bring it out to us.",0
731,Rayanasa bara abasya'i ekati ayadinabarga pratistha ami punarbibecana karaba na.,0
732,Ami kichuksanera madhye nistera ca'inija restomra,1
733,"Samagrikabhabe, ami sekhane khabara ebam pariseba pachanda kari.",1
734,Tara ekhana humasa ebam kichu masaladara pa'ina badamera sasa diye bharatiya nana ruti paribesana kare ya e'i prthibira ba'ire chila.,1
735,"Sambhabata ara phire asabe na, ebam etira prastaba debe na.",0
736,"Bandhura pasta - khuba kharapa, tini sabe'i eti sparsa karechilena.",0
737,"Kichu susbadu khabara ebam druta, bandhutbapurna parisebati anubhava karara jan'ya eyaraporte tadera cesta karuna.",1
738,Ami ca'inija kyaligraphi oyala peparera sathe sajja pachanda kari.,1
739,Ekhane kakhana'o abhiyoga karara mato kichu'i chila na.,1
740,The restaurant is very clean and has a family restaurant feel to it.,1
741,Eta bhaja upara chila.,0
742,Ami niscita na ye amara sekhane kataksana damriye chilama tabe amara pakse jayagatira adbhutabhabe anubhaba kara suru karara pakse yathesta samaya chila.,0
743,"Ami yakhana syanda'u'icati khulalama takhana ami mugdha hayechi, tabe bhalabhabe naya.",0
744,Phire asabe na!,0
745,Parisebati niye ekati usna anubhuti chila ebam ami ekati bisesa tritera jan'ya tadera atithira mato anubhaba karechi.,1
746,Ekati bistrta menu pratahrasera jan'ya pracura bikalpa sarabaraha kare.,1
747,"Ratera khabarera samaya ami sabasamaya niramisa menu theke ardara kari, yara madhye beche nite bibhinna bikalpa rayeche.",1
748,"Ami tadera damaguli sphita haye dekhechi, ansaguli chota haye yaya ebam paricalanara manobhaba druta brd'dhi paya!",0
749,Bismayakara lila tapasa ebam pariparsbikata amake bhitare samasta usna ebam aspasta bodha kareche.,1
750,Ami ekati camatkara bhinigreta saha samudrika khabarera salada upabhoga karechi.,1
751,"Bhyanatanaguli patala chila, ghana ebam cibuka naya, praya apanara mukhe gale gela.",1
752,"Stara 5 masaladara nikhumta chila, yekhane masala syupake obhara hu'ila kare na.",1
753,Amara thika samaye base chilama ebam asara para theke amadera sarbharati chila phyantastika!,1
754,Mula jinisati ami upabhoga karini ta ha'la bhirati praya 30 era dasakera majhamajhi ebam tara besi bayasidera crowd,0
755,Ami yakhana e'i saharera pase achi takhana eti abasya'i spata habe ya ami abara cesta karaba!,1
756,Amara paniya pana karara jan'ya 30 minitera'o besi apeksa karate hayechila ebam 2 ti a'ipasa pete ara'o dirgha apeksa karate hayechila.,0
757,Eti khete ekati durdanta jayaga!,1
758,Jalapano bekana khuba bhala lagache.,1
759,Parisebati khuba kharapa chila ebam camatkara hacche.,0
760,"Khabara bhala chila, seba bhala chila, dama bhala chila.",1
761,Jayagati pariskara chila na ebam khabara oha eta basi!,0
762,"Muragira thala thika ache, garura mansa jutora camarara mato like",0
763,Tabe parisebati kharapera ba'ire chila.,0
764,"Ami ekhane ese khuba khusi!!! """,1
765,Mayalara mato sbada peyeche.,0
766,Phiniksera kayekati jayagara madhye ekati ye ami abasya'i abara yete ca'i.,1
767,Blakati ascaryajanaka chila.,1
768,"Eti amara barira kachakachi, eti sbalpa-ki, a-abhinaba, sasrayi mulyera dama, bhala khabara.",1
769,* Hata ayanda sora ebam dimera phulera syupa duti'i chila ekebare 5 ti tara!,1
770,Amara sasimi chila kharapa manera ebam atisbadayukta.,0
771,Durdanta samaya - ekati rabibara rate paribara dinara.,1
772,"Khabarati mote'o susbadu naya, era""asala traditionaltihyabahi hunana sta'ila"" balara apeksa rakhe na.",0
773,"Ya amake birakta karechila, ta chila dhira pariseba.",0
774,Phlayara baratendaraguli ekebare ascaryajanaka!,1
775,Tadera himasitala marjaritaguli amara sbadera jan'ya khuba susbadu.,0
776,Eguli eta bhala chila amara tadera du'bara adesa diyechi.,1
777,So in a nutshell: 1) The restaraunt smells like a combination of a dirty fish market and a sewer.,0
778,Amara bandhabira bhilati khuba kharapa chila bad,0
779,"Durbhagyakrame, eti bhala chila na.",0
780,Amara besa santosajanaka abhijnata chila.,1
781,Klabe yogadana karuna ebam imelera madhyame durdanta aphara pana.,1
782,Emana kona'o byaktira jan'ya upayukta (amara) yini kebala biyara a'isa thanda pachanda karena ba e'i ksetre emanaki sitala'o.,1
783,Sabematra temtula mansera barnana de'oyara jan'ya blyanda ebam sbadahina ekati bhala upaya.,0
784,"Ce'inaguli, yara ami kona'o anuragi na'i, e'i jayagati khuba sahaje'i parajita kare.",0
785,Naco ha'la abasyaka!,1
786,We will not be coming back.,0
787,E'i jayagati samparke amara kache balara mato khuba besi sabda ne'i tabe eti sabakichu besa bhalabhabe kare.,1
788,"Da'unata'una juri, a'inajibi ebam adalatera karmidera pagala janatara sathe'o karmira durdanta ebam khuba druta.",1
789,"Great atmosphere, friendly and fast service.",1
790,Yakhana ami amara pita peyechi eti bisala chila etite pracura mansa chila ta'i thambasa apa.,1
791,Apanara khabara ekabara elo eti meh / ,0
792,Garama kukurera jan'ya 85 7.85 Pradana kara ebam bhajara mato dekhe mane hacche eti bhiyenarasnitaselera baccara khabara theke beriye eseche bhala khabara samparke amara dharana naya.,0
793,Klasika me'ina labastara rolati durdanta chila.,1
794,"Amara sbasuri yara male kaja karena sedina'i ekhane kheyechilena, ebam anumana karena ye tini sara rata asustha'o chilena.",0
795,Eta bhala ami e'i jayagati du'bara paryalocana karate yacchi - ekabara e'i jayagara prati srad'dha janano ebam ekabara rate ekhane anusthita ekati ibhentera srad'dha hisabe.,1
796,"Cipasa ebam salasa satyi'i bhala chila, salasa khuba tataka chila.",1
797,E'i jayagati durdanta!!!!!!!!!!!!!!,1
798,Majhari khabara.,0
799,Once you get inside you'll be impressed with the place.,1
800,Ami supara pissd / ,0
801,Ebam pariseba supara bandhutbapurna chila.,1
802,E'i du: Khita chotta sakasabji eta besi kena?,0
803,E'i jayagati eta sundara camaka!,1
804,They were golden-crispy and delicious.,1
805,E'i jayagatira jan'ya amara ucca asa chila yehetu bargaraguli carakola grilera upare ranna kara haya tabe durbhagyakrame sbadati samatala haye yaya.,0
806,Ami saradina tadera bruseta khete paratama eti khamti.,1
807,Sesa paryanta amadera khabara paribesana karara pare kona'o karmacari'o thikathaka haye uthenani ye amara thika achi ba emanaki jala riphilera prayojana.,0
808,"Abasese, mojarella lathi, tara ha'la amadera adesa kara sera jinisa.",1
809,"Ami ekhane prathamabara asara pare amara kache ekati ascarya abhijnata hayechila, ami ekhana'o manusake bali hamsati katata bhayankara chila.",1
810,Sarbharati amadera prayojana samparke khuba abahela karechila ebam amaderake khuba abanchita bodha karechila... Ami e'i jayagatira paramarsa deba na!,0
811,The service was terrible though.,0
812,"E'i jayagati atyadhika mulyera, tadera bobara sathe samanjasyapurna naya, ebam eti satyi'i obharapitrikada!",0
813,Eta pyaka kara hayechila!!,0
814,Ami e'i jayaga bhalabasa.,1
815,Ami balate pari ye mistiguli mukharocaka chila.,1
816,Khabarati bhayanaka chila.,0
817,Mausumi phalati chila taja sada pica puri.,1
818,Eti kramasa kharapa hate thake ta'i ekhana ami anusthanikabhabe sesa karechi.,0
819,E'i jayagati satbhabe phutiye tola ucita.,0
820,Tabe ami abasya'i ekhane abara khete ca'i na.,0
821,Do not waste your money here!,0
822,I love that they put their food in nice plastic containers as opposed to cramming it in little paper takeout boxes.,1
823,Krapati suksma ebam patala ebam ardra chila.,1
824,Bhisana seba.,0
825,Won't ever go here again.,0
826,Khabarera manati bhayabaha.,0
827,E'i damera jan'ya ami kayekati jayagati bhabate pari ye ami ara'o aneka besi cale giyechilama.,0
828,The service here is fair at best.,0
829,"Ami susike bhalabasi, tabe ami kabukike besi damera, atirikta-hipa ebam andara sarbhisa hisabe peyechi.",0
830,Nijeke upakara karuna ebam e'i thala theke dure thakuna.,0
831,Very poor service.,0
832,Tebile thaka ke'u'i bhabeni ye khabarati garera opare ba amadera jan'ya apeksa kara apeksa mulyabana.,0
833,"Sarbakalera sera pariseba ebam khabara, mariya amadera sarbharati eta bhala ebam bandhutbapurna chila ye tini amadera dinati tairi karechilena.",1
834,They were excellent.,1
835,Ami bilati diyechi kintu tipa dilama na karana ami anubhaba karechi ye sarbharati ekati bhayabaha kaja kareche.,0
836,Sabematra dupurera khabara kheyechi ebam durdanta abhijnata arjana kareche.,1
837,I have never had such bland food which surprised me considering the article we read focused so much on their spices and flavor.,0
838,Khabarati atimatraya mulyabana ebam ansaguli khuba chota haya.,0
839,Ami samprati kyabalerora cesta karechilama ebam ami prati saptahe phire esechi!,1
840,"Matha hisabe 40 taka, ami satyi'i ara'o bhala khabara asa kari.",0
841,Khabarati bhala gatite beriye elo.,1
842,Ami amara sesa saphare sekhane dubara kheyechi ebam bisesata salamana salada upabhoga karechi.,1
843,Ami phire asaba na.,0
844,Amara bisbasa karate pari na ye jhinukaguli kata nonra!,0
845,This place deserves no stars.,0
846,Ami e'i jayagati suparisa karaba na.,0
847,"Prakrtapakse ami 4 ti tarakake ghurate yacchi, karana tini khuba durdanta chilena.",1
848,"Amara abisbasera prati, pratiti thala ami e jatiya khabaragulira sbadayukta sabaceye kharapa sanskarana hisabe yogyata arjana karechi.",0
849,"Kharapa dina ba na, ami abhadra grahaka sebara lokadera jan'ya khuba kama sahanasilata rakhachi, sundara ebam binayi ha'oya apanara kaja, an'yathaya basana dhoya!!",0
850,Alu durdanta chila ebam biskuta chila.,1
851,Ami sambhabata ekhane ara yete habe na.,0
852,So flavorful and has just the perfect amount of heat.,1
853,Dama yuktisangata ebam pariseba durdanta.,1
854,Stri tara khabara (narakela cinri) ghrna karatena ebam amadera bandhura satya'i tadera khabara upabhoga karate pareni.,0
855,Amara phelala hi'ubhosa rancerosa peyeche ebam tara khuba abedanamayi bale mane hacche na.,0
856,"Sukhi ghanta, oya'ina durdanta talika jan'ya giyechilama.",1
857,Ke'u ke'u balate pare ye e'i bupheti dami tabe ami mane kari apani ya pradana karena ta peyechena ebam e'i jayagati apani yathesta parimane pacchena!,1
858,Ami sambhabata ekhane phire asate habe na.,0
859,Ami kichu samayera madhye sabaceye kharapa khabara/ pariseba peyechi.,0
860,"E'i jayagati besa bhala, restomratite khuba sundara ibe",1
861,Durdanta grahaka pariseba samparke katha baluna abasya'i amara phire asaba.,1
862,"Garama khabaraguli garama haya na, thanda khabaraguli gharera tempera kachakachi thake I",0
863,Ami tadera phra'i ebam matarasuti pachanda kari.,1
864,Always a pleasure dealing with him.,1
865,"They have a plethora of salads and sandwiches, and everything I've tried gets my seal of approval.",1
866,Apani grismera samaya halaka ebam sbasthyakara kichu ca'ile e'i jayagati durdanta.,1
867,"Stripe susira jan'ya, eti ya'oyara jayaga.",1
868,"Parisebati durdanta chila, emanaki myanejara ese amadera tebile sahayata karechilena.",1
869,Da'inim rumera anubhutiti chila ha'i klasa da'ininyera ceye kaleja rannara korsa ebam parisebati sabaceye dhira chila.,0
870,"Ami e'i paryalocanati duti tara diye suru karechi, tabe etira jan'ya kebala ekatiti de'oyara jan'ya ami eti sampadana karachi.",0
871,Kastako chara'o ami eta'i sabaceye kharapa susi.,0
872,"Durdanta pariseba, ekati anan'ya menu ebam ekati sundara setinsa dbara ha'ila'ita kara samasta durdanta restomra.",1
873,Ami ebam amara premika bare basechilama ebam ekati sampurna anandadayaka abhijnata peyechilama.,1
874,Malikadera kacha theke adbhuta vibe / ,0
875,Khuba kama'i mansa chila.,0
876,I've had better bagels from the grocery store.,0
877,Ga'irosera jan'ya sthanatite yana.,1
878,"Ami malika/ sephake bhalabasi, tara eka khamti japani sitala bandhu!",1
879,"Ekhana bargaraguli temana bhala naya, pitja ya ascaryajanaka chila ta ha'la ghana ebam sbadahina.",0
880,Ami amara salasara madhye ekati chaya inci dirgha tarera tukara peyechi.,0
881,"Parisebati chila bhayanaka, khabara chila majhari manera.",0
882,Amara abasya'i nijeke upabhoga karechi.,1
883,Ami alabandigasa syupa ardara karechi - ya kebala usna chila - ebam himayita mitabalagulira sathe tameto syupera mato sbada peyechi.,0
884,Tinati bhinna anusthane ami bhala ba majhari bhala jijnasa karechi ebam tinabara'i ami amara plete raktera tukaro raktera tukaro peyechi.,0
885,Amara praya duti kamara chila ebam ami ara khete raji ha'i ni.,0
886,Parisebati atyanta dhira chila.,0
887,"20 Minita apeksa karara pare, ami ekati tebila peyechi.",0
888,Siriyasali killera hata ca'i latte.,1
889,"Menute ayalarjira kona'o satarkata ne'i, ebam oyetresera kona'o khabara'i kha'oya ba cinabadama chila na ta samparke kona'o dharana ne'i ue",0
890,Amara premika bhumadhyasagariya cikena salada cesta kare preme parena.,1
891,Tyape tadera ghorano biyaraguli'o e'i jayagara ha'ila'ita.,1
892,Melo masarume dama nirdharana kara kichuta udbegera bisaya.,0
893,Sabaceye kharapa tha'i.,0
894,Apani yadi bhegase thakena tabe apanake abasya'i ekhane ekabare nasta karate habe.,1
895,Ami prathame balate ca'i ye amadera sarbharati durdanta chila ebam amadera nikhumta pariseba chila.,1
896,Pijja nirbacana bhala.,1
897,"Amara straberi ca chila, ya bhala chila.",1
898,Ekajana anugata prsthaposakake atyanta be'a'ini o abhadra!,0
899,Saba miliye durdanta abhijnata.,1
900,Apanara artha an'yatra byaya karuna.,0
901,Their regular toasted bread was equally satisfying with the occasional pats of butter... Mmmm...!,1
902,Belaji'ora buphe amara pratyasa theke aneka dure chila.,0
903,"Ara paniyaguli ha'la haya, lokera!",0
904,-My order was not correct.,0
905,"Echara'o, amara mane haya cipaguli ghare base tairi naya.",0
906,Hatasa ratera khabarera para amara mistira jan'ya an'ya kotha'o cale gelama.,0
907,Ekhane cipasa ebam salasa ascaryajanaka!!!!!!!!!!!!!!!!!!!!,1
908,Amara phiraba na.,0
909,Eti amara natuna phebha bhegasa buphe spata.,1
910,I seriously cannot believe that the owner has so many unexperienced employees that all are running around like chickens with their heads cut off.,0
911,Khuba'i duhkhajanaka.,0
912,"Ami apamanita ebam asam'manita bodha kari, apani kibhabe katha balate parena ebam an'ya ekajana manusera bicara karate parena?",0
913,"How can you call yourself a steakhouse if you can't properly cook a steak, I don't understand!",0
914,Dharana ba khabara niye ami mugdha na'i.,0
915,Ami ye jinisati samparke khuba besi pagala ha'ini ta ha'la tadera guyakamola hisabe ami eti sud'dha karate pachanda kari na.,0
916,"Postinote amara pakse asale kichu'i ne'i, asa kari apanara abhijnata ara'o bhala",0
917,Buphete ami ekhane khabarera bisa peyechi.,0
918,Tara phra'igulira ekati natuna byaca niye esechila ebam ami hyam kichu garama bhabachi kintu na!,0
919,"What SHOULD have been a hilarious, yummy Christmas Eve dinner to remember was the biggest fail of the entire trip for us.",0
920,"Balara apeksa rakhe na, ami sighra'i ara phire yaba na.",0
921,E'i jayagati jaghan'ya!,0
922,"Ami ekhane yatabara'i khaba, ami pesadara digrite tima oyarkake dekhachi.",1
923,Ara'a'i sta'ilera kalamari chila ekati rasikata.,0
924,"Tabe, snehe eta rasuna chila, eti sabematra bhojya.",0
925,"I could barely stomach the meal, but didn't complain because it was a business lunch.",0
926,"It was so bad, I had lost the heart to finish it.",0
927,Yakhana amara eti ceyechilama takhana amadera kache ceka anate eti ciratare legechila.,0
928,Amara restomragulite drsyadharana karara mato loka na'i tabe ami kebala eti pa'i na... Abasya'i etira pare bhalabasa hariyechi!,0
929,Hatasajanaka abhijnata.,0
930,"The food is about on par with Denny's, which is to say, not good at all.",0
931,"Apani yadi majhari khabara ebam nikhumta bhayankara parisebatira jan'ya apeksa karate cana, tabe eti apanara jan'ya jayaga.",0
932,Dablu'e'e'e'e'e'e'i'a'i'a'i'a'i'a'i'a'i'a'i'a'i obhara reteda ami ya balachi ta thika.,0
933,We won't be going back.,0
934,Jayagati motamuti pariskara chila tabe khabarati kebala tara pakse mulyahina chila na.,0
935,This place lacked style!!,0
936,"Sangariya eka glasa oyanera praya ardheka chila ebam eti chila 12 dalara, hasyakara.",0
937,Ekhane asa birakta karabena na.,0
938,"The meat was pretty dry, I had the sliced brisket and pulled pork.",0
939,"Bildim nije'i besa jharajhare mane hacche, batharumati besa tripala, tabe ami ekhane ara khete paraba na.",0
940,Eta'o samana bhayabaha chila.,0
941,Sambhabata phire yete khuba tarahura haya na.,0
942,Emanaki rijarbhesana saha basara samaya khuba dhira.,0
943,Not good by any stretch of the imagination.,0
944,Kaju krima sasa majadara chila ebam sakasabaji kheye phelechila.,0
945,"The chipolte ranch dipping sause was tasteless, seemed thin and watered down with no heat.",0
946,"Eti kichuta misti, satya'i yathesta masaladara naya, gandhera abhaba chila.",0
947,Ami khuba hatasa!!,0
948,This place is horrible and way overpriced.,0
949,"Hate pare eti kebala tadera niramisa khabara, tabe ami du'bara esechi ebam ami bhebechilama eti sarbottama was",0
950,It wasn't busy at all and now we know why.,0
951,Ba'irera tebilaguli'o aneka samaya nonra haya ebam sramikara sabasamaya menute bandhutbapurna ebam sahayaka haya na.,0
952,"Ekhanakara paribesati buphe setinyera mato mane hayani, tabe ca ebam biskutagulira jan'ya duce inadora gardenera besi.",0
953,Con: spotty service.,0
954,"Phra'i garama chila na, ebam amara bargara'o chila na.",0
955,Tabe tara abara thanda phire ela.,0
956,"Tarapare amadera khabaraguli beriye ela, hatasara phalasbarupa.",0
957,The real disappointment was our waiter.,0
958,Amara sbami balechilena ye tini khuba abhadra chilena... Kharapa khabara ba kona'o kichura jan'ya ksama'o canani.,0
959,The only reason to eat here would be to fill up before a night of binge drinking just to get some carbs in your stomach.,0
960,"Insults, profound deuchebaggery, and had to go outside for a smoke break while serving just to solidify it.",0
961,Yadi ke'u duti tako ardara na kare'apani ki bhabena eti grahaka parisebara ansa hate pare eti jijnasa kara ye eti kambo ba ala karta?,0
962,Tara darajaya kichuta dosa capano darakara hale'o tini besa hatasa hayechilena.,0
963,After all the rave reviews I couldn't wait to eat here......what a disappointment!,0
964,Del Taco is pretty nasty and should be avoided if possible.,0
965,Ekati salina hyamabargara tairi kara kathina naya.,0
966,Tabe ami eti pachanda kari na.,0
967,Hela na ami phire yaba na,0
968,We've have gotten a much better service from the pizza place next door than the services we received from this restaurant.,0
969,"I don't know what the big deal is about this place, but I won't be back ""ya'all"".",0
970,I immediately said I wanted to talk to the manager but I did not want to talk to the guy who was doing shots of fireball behind the bar.,0
971,The ambiance isn't much better.,0
972,"Unfortunately, it only set us up for disapppointment with our entrees.",0
973,Khabara bhala chila na.,0
974,"Your servers suck, wait, correction, our server Heimer sucked.",0
975,Erapare ya ghatechila ta khuba sundara.... Balara apeksa rakhe na.,0
976,"Khuba kharapa karana ami jani ye eti paribarera malikanadhina, ami satyi'i e'i jayagati pachanda karate ceyechilama.",0
977,Overpriced for what you are getting.,0
978,Ami madhyahnabhojane batharume bami karalama.,0
979,"Ami samayatira dike takiye ra'ilama ebam sighra'i eti 35 minitera haye geche, tabu'o kona'o khabara ne'i.",0
980,"I have been to very few places to eat that under no circumstances would I ever return to, and this tops the list.",0
981,Amara tuna sasimi diye suru karechi ya barnera badami ebam sambhabata taja chila na.,0
982,Food was below average.,0
983,Eti niscitabhabe sinemagulite nacodera parajita kare tabe ami asa kari ekati restomra theke ara'o kichuta agata.,0
984,"All in all, Ha Long Bay was a bit of a flop.",0
985,Amara samasyati ha'la tara ekati syanda'u'icera jan'ya $ 11.99 Carja kare ya saba'oye saba (yeti bhala ebam ara'o besi parimane sakasabaji sarabaraha kare) era ceye bara naya.,0
986,Shrimp- When I unwrapped it (I live only 1/2 a mile from Brushfire) it was literally ice cold.,0
987,"It lacked flavor, seemed undercooked, and dry.",0
988,It really is impressive that the place hasn't closed down.,0
989,I would avoid this place if you are staying in the Mirage.,0
990,The refried beans that came with my meal were dried out and crusty and the food was bland.,0
991,Spend your money and time some place else.,0
992,A lady at the table next to us found a live green caterpillar In her salad.,0
993,the presentation of the food was awful.,0
994,I can't tell you how disappointed I was.,0
995,Ami mane kari khabarera sbada ebam jamina ha'oya ucita ebam ubhayera'i ghatati chila.,0
996,Appetite instantly gone.,0
997,Saba miliye ami mugdha ha'ini ebam phire yaba na.,0
998,Puro abhijnatati hatasabyanjaka chila ebam ami mane kari amara parera bara matra ninaja susite yaba.,0
999,"Then, as if I hadn't wasted enough of my life there, they poured salt in the wound by drawing out the time it took to bring the check.",0
