,bangla,banglish
0,ржХржорж╛ржирзНржбрж╣рзАржи,commandhin
1,ржмрзНржпрж╛ржкрж╛рж░ржУ,byaparo
2,рж▓рзЛржХрж╕ржнрж╛рж░,loksabhar
3,рж╕рж╛ржорж░рзНржерзЗрж░,samorther
4,рж░рж╛ржЬрзАржмржХрзБржорж╛рж░рзЗрж░,rajibkumarer
5,рждрзЛржмржЧрзЗрж░,tobger
6,ржмрж╛ржБржХ,bynak
7,ржХрзЛржЕржкрж╛рж░рзЗржЯрж┐ржн,coperative
8,ржнрж╛ржЧржЯрзБржХрзБ,bhagtuku
9,рззрззрзмржмрж┐,116b
10,ржкрзНрж░рждрж┐ржмрж╛ржжрзАрж░рж╛ржУ,
11,рж╢рж┐рж▓рзНржк,Shilpo
12,рж░рж╛ржЬрзНржпржЬрзЯрзЗрж░,rajjojoyer
13,ржорзЯржирж╛рждржжржирзНрждржХрж╛рж░рзА,moynatodontokari
14,ржмрж┐рж╖ржзрж░ржХрзЗ,bishodhorke
15,ржЙржкржмрж╛рж╕,upobas
16,рж╢рзБржнрзНрж░ржХрж╛ржирзНрждрж┐,shubhrokanti
17,ржкржЪрзЗ,poche
18,рззрззржиржВ,egaro nombor
19,ржХрж▓рзНржпрж╛ржгрзЗрж╢рзНржмрж░,kolyanessor
20,ржмрзЗрж╢ржХрзЯрзЗржХржЬржи,beshkoyekjon
21,ржкрзЗрж╢рж╛ржжрж╛рж░рж┐,peshadari
22,ржиржЬржжрж╛рж░рж┐,nojdari
23,ржЯрзБржХрж░рзЛржУ,tukro
24,ржорж╛рж╣рж┐рж░,mahir
25,ржЬрж╛ржнрзЗржжржЬрж┐,javedji
26,ржЫржХрзНржХрж╛ржУ,chakkao
27,ржкрж╛рждрзНрж░ржкржХрзНрж╖ржХрзЗржУ,patropokhyokeo
28,рж╕рж┐ржЖрж░рж╕рзЗржнрзЗржиржХрзЗ,CR7ke
29,ржзрж╛рж░рж╛ржмрж╛рж╣рж┐ржХржнрж╛ржмрзЗ,dharabahikvabe
30,ржЖржирзНржжрж╛рж▓рзБрж╢рж┐рзЯрж╛ржи,andulusian
31,рж▓рзЛржЦржирзНржбрж╛ржУрзЯрж╛рж▓рж╛рждрзЗ,lokhandwalate
32,рж╢рзНрж░рзЛрждрж╛ржХрзЗ,srotake
33,ржирж╛ржорзЗржУ,nameo
34,ржЧрзБржгрзЗ,gune
35,рж╣рзБржбрж╝рзЛрж╣рзБржбрж╝рж┐рж░,hurohuri
36,ржмрж╛рж╣рж┐ржирзА,bahini
37,ржХрж┐ржирзНржбрж╛рж░ржЧрж╛рж░рзНржЯрзЗржи,kindergarten
38,ржжрзЗржмрзАржирж╛,debina
39,ржирж╛ржирзНржЯрж┐,nanti
40,рж╕рж╛рж░рзНржмрж┐рзЯрж╛рзЯ,serbiaay
41,ржкрзЗрж╛ржбрж╝ржЦрж╛ржУрзЯрж╛,porkhawa
42,ржЖржмрзЗржжржирзЗржЗ,abedonei
43,рж╕рзЛржирж╛ржЭрж░рж╛,sonajhara
44,ржЬрж┐ржХрзЛ,jiko
45,ржЪрзБржорзНржмржХ,chumbok
46,ржзрзБрждрж┐рждрзЗ,dhutite
47,ржЫрж╛ржБржЯрж╛,chata
48,ржкрж░рзНржпржЯржиржоржирзНрждрзНрж░ржХрзЗрж░,porjotokmontroker
49,ржкрзВрж░ржм,purob
50,ржоржирзНржжрзЗрж░,monder
51,рж╕рж┐ржирзНржзрж╛рзЯрж╛ржкрж╛ржбрж╝рж╛рж░,sindhiaparar
52,рж░ржУржирж╛,royna
53,рждрзНрж░рж┐ржирзЗрждрзНрж░рж░,trinetror
54,ржирзАржорзЗржЗ,nimei
55,ржмрзГржжрзНржзрж┐ржЯрж╛,The growth a
56,ржлрзНржпрж╛ржирж╛ржЯрж┐ржХ,Fanatic
57,рж╕рзНржмрзИрж░рждрж╛ржирзНрждрзНрж░рж┐ржХ,Swairatantrik
58,ржорзМржорж╛ржЫрж┐,Moumachhi
59,ржЖрж╢рзНржмрж╕рзНрждржЗ,Ashwastoi
60,ржмрж▓рж▓ржирзЗ,Bollone
61,рж╕рж┐ржВрж▓рж╛,Singla
62,ржмрзНрж▓рж╛ржБ,Blna
63,ржкрж╝ржбрж╝рзЗржЫрзЗ,Poreche
64,ржЪржорждрзНтАМржХрж╛рж░,Chomotkar
65,ржХрзБржирзЛ,Kuno
66,ржорзЗрж╕рзЗржЬрзЗ,Meseg
67,ржХрж╛рзЯрзЗржорзЗрж░,Kayemer
68,ржлрзБрж▓рждрж▓рж╛,Fultola
69,ржШрж╛ржЗржУ,Ghaiyo
70,ржорзЛржжрзАржЧрж▓рж┐рждрзЗ,Modigolite
71,ржжрзБрж░рзНржЧрж╛ржХрзЗ,Durgake
72,ржЖрждрзНржо,Atto
73,ржжрж╕рзНрждрж┐ржжрж╛рж░рзЗрж░,Dostidarer
74,рж╕ржВрж╣рждрж┐ржжрж┐ржмрж╕рзЗрж░,Songhotidiboser
75,рж╕ржЪрж┐ржмрж╛рж▓рзЯржУ,sochibaloyo
76,ржбрж▓рж┐,doli
77,рж╕рж╛рждрж╛ржирзНржи,satanno
78,ржкрж░рж┐ржХрж▓рзНржкрж┐рждржнрж╛ржмрзЗржЗ,porikolpitovabei
79,рззрзнрзпрзп,1799
80,рж╕ржирзНрждрж╛ржирж╣рж╛рж░рж╛,shontanhara
81,COTI,ржХрзЛржЯрж┐
82,рж╢рзЗрж╛ржирж╛,Shona
83,ржЭрж╛ржк,Jhaap
84,ржкрж╛рж╣рж╛ржбрж╝ржЪрзВржбрж╝рж╛рзЯ,Pahar Churay
85,ржжрж▓ржЧрзБрж▓рж┐рждрзЗ,Dolgulite
86,ржЧрзЛржХрзБрж▓рзЗ,Gokule
87,ржЦрж╕рж╝ржбрж╝рж╛,khosra
88,ржХржирзЗ,kone
89,рж╣рж╛ржмрзБрж▓,habul
90,ржмржжржорзЗржЬрж╛ржЬрж┐,bodmejaji
91,ржирж╛ржЯрзЛрж░,natore
92,рж░рзБржЯрзЗ,rute
93,рззрзпрзпрзй,1993
94,рж╣рж╛рж░,har
95,KOHLI,Kohli
96,ржЕржЧржнрзАрж░,Ogobhir
97,рж╕рзНржерж▓ржпрзБржжрзНржз,stholjuddho
98,ржЕржгрзНржбрж╛рж▓рзЗ,
99,рж╕рзНржерж╛ржирзЗржЗ,in place
100,ржкрж╛ржмрзБржХ,pabuk
101,ржЦрж╛ржирж╛рж░,khanar
102,ржнрзВржорж┐рж╣рзАржи,vumihin
103,ржЦрзЗрзЯрзЗржУ,kheyeo
104,рж╢рзЗрж╖ржмрзЗрж▓рж╛рж░,seshbelar
105,рж░рж╕рж┐ржХрждрж╛,rosikota
106,рззрзпрзлрзл,1995
107,ржирж┐ржкрзБрж▓ржмрж╛ржмрзБ,nipulbabu
108,ржмрж╛ржзрзНржпрждрж╛ржорзВрж▓ржХтАФ,
109,ржмрж┐рж╢рзНржмрж╛рж╕рзА,biswashi
110,рж▓рж╛ржирж╛,lana
111,ржнрж╛рж╕рж╛,vasha
112,рждрж╛рж▓рж┐ржХрж╛рждрзЗ,talikate
113,ржЕржирзНржпрж╛ржирзНржпржмрж╛рж░,onnannobar
114,рж░рзЯрзЗржЫрзЗтАжтАЭ,royechey
115,рж╕рж╣ржХрж░рзНржорзАрж░рж╛ржЗ,sohokormirai
116,ржХрж┐рж╕рж┐ржХрзЗ,kisike
117,рж╕рзМржоржЬрж┐рждрзН,shoumojit
118,ржмрж┐ржПржоржЖржЗ,BMI
119,ржЬржЧржд,world
120,ржЪрзИрждрж╛рж▓рж┐ржХрзЗ,
121,ржирж┐ржЬрзЗрж░ржУ,
122,ржоржЮрзНржЪрзЗрж░ржУ,34234234
123,ржЪрж┐ржХрж┐рждрзНтАНржХрж░рж╛,
124,ржарж╛ржирзНржбрж╛рж░,
125,ржЬржмрж╛ржЗ,
126,рж╢рж┐ржмрждрж▓рж╛рзЯ,
127,ржмрж╛ржерж░рзЛржм,sdads
128,ржорзЗрж╣ржирждрж┐,sdasdsd
129,ржирзЛржЯрж╛рждржЩрзНржХрзЗ,sfasfsf
130,ржХрзНржпрж╛ржмрж┐ржирзЗржЯрж╕ржЪрж┐ржмржХрзЗ,sdasd
131,ржЪрж┐ржХрж┐рждрзНтАНрж╕рж╛,sdasd
132,ржХрзБржХрзНрж╖рж┐ржЧржд,hello
133,ржмрж╛ржЫрж╛ржбрж╝ржкрж╛ржбрж╝рж╛рзЯ,
134,ржмрж┐рж╕рзНржлрзЛрж░ржгрзЗрж░,
135,рж╣рзЯрзЗржЫрзЗтАФржЯрж╛ржХрж╛,
136,ржлрзБрж░рж╕рзО,
137,ржХрзГржкрж╛ржЪрж╛рж░рзНржп,
138,ржмрж┐ржорзБржжрзНрж░рж╛,
139,ржЖржЗржПрж░,
140,ржмрж╛ржгрж┐ржЬрзНржпржорзЗрж▓рж╛рж░,
141,ржЖрж╕рзНржерж╛ржнрзЛржЯ,
142,ржЙржкрж▓ржХрзНрж╖рзНржпрзЗржЗ,
143,ржЭрж╛ржбрж╝рж┐ржЯрж╛,
144,ржЬрж╛ржирж┐рзЯрзЗржжрж┐рж▓рзЗржи,
145,ржУрж╢рж╛ржирзЗ,
146,ржПржЯрж┐ржПржорзЗрж░,
147,ржЫрзБржБрзЯрзЗржЫрж┐рж▓рж╛ржо,
148,рж▓рзЗржкрж╛рж░рзНржб,
149,рж╕рзБржЗржирж╣рзЛ,
150,ржПржоржбрж┐ржПрж╕,
151,ржЪрж┐рж░рж╛ржВ,Chirang
152,ржЙржкрж╛ржирзНрждржмрж╛рж╕рзА,upantobashi
153,ржмржЫрж░ржЯрж╛ржЗ,bochortai
154,рж╢рж╛рзЯржХрзЗ,Shayke
155,ржЯрж╛ржирж╛рж░,Tanar
156,ржмрзЯржГржЬтАНрзНржпрзЗрж╖рзНржа,Boyojoyshtho
157,ржирзАрждрж┐ржмрзЛржз,nitibodh
158,ржЕржВрж╢тАФ,ongsho
159,ржЕрж╛ржорзЗрж░рж┐ржХрж╛рж░,americar
160,ржкрж░рзНржмрждрж╛рж░рзЛрж╣рзА,bara
161,рж╕ржорж╛ржЬржмрж┐рж░рзЛржзрзАржжрзЗрж░ржУ,bara
162,ржнрзНржпрж╛рж▓рж┐ржжрж╛ржЗ,sheme
163,ржЬрзАржмржиржжрж░рзНрж╢ржирзЗрж░,bajar
164,ржХрзНржпрж╛ржирзНржЯржиржорзЗржирзНржЯрзЗрж░,hello
165,ржмрж╛ржХрзНржпржЯрж╛,sentance
166,ржЕржерзЛрж░рж┐ржЯрж┐,authority
167,ржЗржнрзНржпрж╛ржХрзБрзЯрзЗрж╢ржи,ivaluation
168,ржЧржбрж╝,gor
169,ржлрж╛ржЗржирж╛рж▓рж╕,finals
170,ржХрж╛ржарзБрж░рж┐рзЯрж╛рзЯ,kathuriay
171,ржЙрж▓ржЯрзЗ,ulte
172,ржЬрзЗржорж╕рзЗрж░,James er
173,ржЧржЩрзНржЧрзЗ,gonge
174,ржмрзГрж╖рзНржЯрж┐рж░,brishtir
175,ржПржорж╛рж░ржЬрзЗржирзНрж╕рж┐,emergency
176,ржиржмржирж┐рж░рзНржорж┐ржд,nobonirmito
177,ржкрж░рж┐ржорж╛ржгржХрзЗ,porimanke
178,рж╕рж╛рждрж╛рж╢,Satash
179,рж╕рзНржЯржкрж╛рж░,Stoper
180,ржХрзНрж░рж┐ржХрзЗржЯрж╛рж░рзЗрж░ржУ,Kriketerero
181,ржЕрждрж┐ржерж┐ржкрж░рж╛рзЯржг,Otithiporayon
182,рж░рж╛ржЦржврж╛ржХ,Rakhdhak
183,ржжрзНржмрж╛ржжрж╢рзАрждрзЗ,Dadoshite
184,ржорж╣рзЗрж╢ржЗ,Moheshe
185,ржврзЗржЙ,Dheu
186,ржЖржУрзЯрж╛рж░рзЗ,Aware
187,рж╢рж╕рж╛,Shosha
188,ржкрж╛ржиржкрж╛рждрзНрж░,panpatro
189,ржжрждрзНрждржмрж╛ржж,dottobad
190,ржЖржжрзНржпрж╛ржкрзАржарзЗ,Jewel
191,рж╕ржоржи,Somon
192,ржлрж╛рж░рж╣рж╛,Farha
193,рж░рзБржорж╛ржирж┐,rumani
194,ржЧрзГрж╣рж╕рзНржерж╛рж▓рзАрж░,Grihosthalir
195,ржкрзНрж░рж╛рзЯрж╢рзНржЪрж┐рждрзНржд,Praoschitto
196,рж╣рзЯрзЗржЫрзЗтАФ,Hoeche
197,рж╕рзМрж░ржн,Sourav
198,ржЖрж░рзНржорж┐,Army
199,ржмрзЗрж╢рж┐рж░ржнрж╛ржЧрзЗрж░,Besirvager
200,ржорзЗрж░рзБржжржгрзНржб,merudonda
201,рж░ржХрзНрждрзЗржУ,rokteo
202,ржкрзБржирж░рзБржжрзНржзрж╛рж░рзЗрж░,punorudharer
203,ржЗржиржмржХрзНрж╕,inbox
204,рж╣рзЛржоржЯрж╛рж╕рзНржХ,Home task
205,рж╕ржВрж╕рзНржХрж░ржгржЗ,shongskoron e
206,ржорж╢ржХрж░рж╛ржУ,moshkorao
207,ржЖржБржХржмрзЗржи,aakben
208,рж░рзЛржЬржЧрж╛рж░,rojgaar
209,ржЪрзЛрж▓рж╛ржЗржПрж░,cholaier
210,ржжрж╛ржЧржЧрзБржмрж╛рждрж┐,dagubati
211,ржкржбрж╝рзБрзБржитАФ,Kobita
212,ржЯрж┐рж╕ржХрж╛,Kobita
213,ржкрзНрж░ржХрж╛рж╢ржУ,prokashok
214,ржмрж┐ржХрзНрж╖рзЛржнрзЗ,bajar
215,ржХрзНржпрж╛рж╢ржмрзНржпрж╛ржХ,Market
216,ржжрзЗржмрж▓,debol
217,ржкрзЗржЯрзЗ,pete
218,ржЖрждрзНржоржжрж╛ржирзЗрж░,attodaner
219,рждрж╣ржмрж┐рж▓ржУ,tohobilo
220,ржирзАрж▓рж╛ржВрж╢рж┐,nilangshi
221,ржХрзЗрж▓ржХрж╛рж░рзЗрж░,kelkarer
222,ржжрж╛рж▓,dal
223,ржЯрзЛржЯрзЛрж░,totor
224,ржирзЗржнрзЗрж╣рзНтАМ,heveh
225,ржХрж╛ржирж╛ржбрж╛рждрзЗржЗ,canadatei
226,ржЕрзНржпрж╛ржнрзЯрзЗржб,avoid
227,ржЯрж┐ржирзНржЯ,tint
228,ржорж┐рж╢ржмрзЗ,mishbe
229,ржлрзЗрж╕рзНржЯрж┐ржнрзНржпрж╛рж▓ржПрж░,festivaler
230,ржкрзЛрж▓рж╛рж░рзНржбржУ,polardo
231,ржЗрзЯрзЗрж░ржУрзЯрж╛ржбрж╝рж╛,yerwara
232,ржорж╛рждрждрзЗржи,matten
233,ржХрж╖рж╛ржХрж╖рж┐рждрзЗ,koshakoshite
234,ржорж╛ржиржмрж╕ржорж╛ржЬрзЗ,manobsomaje
235,ржЧрзБржЯрж┐ржХрждржХ,gutikotok
236,рждрж╛ржБржмрзБрж░,tabur
237,ржЕржХрж▓рзНржкржирзАрзЯ,okolponiyo
238,ржиржирзНржжрж░рж╛ржо,nondoram
239,INDIA,INDIA
240,рж╣рзЗржнрзЗржи,heaven 
241,ржкрзНрж░ржорзАрж▓рж╛рж░рж╛,promilara
242,рж╖рж╛ржЯржкрж▓рж╕рж╛,shatpolsa
243,ржирж╛ржЪржорж╣рж▓,nachmohol
244,ржЬрзЬрж┐рзЯрзЗржЫрзЗ,joriyeche
245,рж╕рзНржерж╛ржирзАржпрж╝,sthaniyo
246,ржЫрж╢рзЛрж░,choshor
247,ржЫрзЗрж▓рзЗржкрж┐рж▓рзЗрж░рж╛ржЗ,chelepilerai
248,ржЖржБрждрж╛рждрзЗ,atate
249,ржХрзНрж░рж┐ржХрзЗржЯрж╛рж░ржжрзЗрж░рж░,kriketarderr
250,рж╢рзАрж░рзНрж╖ржирзЗрждрж╛рж░рж╛ржУ,shirshonetaraw
251,ржжрзБрзНрж░рзНржжрж╛ржирзНржд,durdanto
252,рж╣рж╛рж░рж╕рзЗрж▓рзНржл,harself
253,ржХржорж┐рж╢ржирж╛рж░рзЗржЯрзЗржУ,komishonareteo
254,ржорж╛ржаржЗ,mathi
255,ржорзМрж▓ржмрж╛ржжрж┐рж╢ржХрзНрждрж┐рж░,moulobadishoktir
256,ржкрж░рзНржгржХрзБржЯрж┐рж░ржЗ,pornokutiri
257,рж╕рзБржЪ,suc
258,ржЙржЗржХрзЗржЯржХрж┐ржкрж╛рж░ржжрзЗрж░,wiketkiparder
259,ржкрзЗржиржХрж╛,penka
260,ржЧрзЗрж╛рж▓ржкрж╛рж░рзНржХ,golpark
261,рж╕рзЗрж╢ржи,session 
262,ржЕржмрзНржпржмрж╣рж┐ржд,obyabhit
263,рж╢рж┐рзЯрж╛ржХрзЗ,siyak
264,ржШрзЗржБрж╕рзЗ,
265,ржмрж╛ржЬрж╛рж░рж┐ржжрзЗрж░,bajaridher 
266,ржиржЧрзЗржирзНржжрзНрж░рзЗрж░,nagendra 
267,ржЖржЩрзБрж▓ржЗ,angule
268,ржЙрж▓рзБржмрзЗржбрж╝рж┐рзЯрж╛рждрзЗржЗ,uluberia tei
269,ржорж╛ржжрзНрж░рж╛рж╕,madras
270,рж╣ржи,hon
271,рдпрд╛рдж,pyad
272,рж╕рзНржерж╛ржиржЗ,sthanoi
273,ржЪрж╛ржХрж┐,chaki
274,ржПржУржкрж┐ржПрж▓,upl
275,рж╣рж╛ржмрзЗрж░,haber
276,рж╕рж╛ржБржЬрзЛ,
277,ржмржирзНржжрзЛржмрж╕рзНрждржЯрж╛,bondobostota
278,ржЕржирж┐ржирзНржжрзНржпржжрж╛,aninda da
279,ржмрж┐ржЬрзНржЮрж╛ржиржХрзЗ,bigyane
280,ржорзЛрж╣рж┐ржд,mohit
281,ржЦрзЛржХрж╛ржмрж╛ржмрзБ,khokababu
282,ржЫрзЗржбрж╝рзЗржирж┐,chereni
283,рж▓рзБржирзНржарж┐ржд,luntito
284,ржХрзАрж░рзНрждрж┐ржХрзЗржУ,kirtikeo
285,рзорзжрзп,809
286,ржкрж░рж╢рзБржжрж┐ржи,porosudin
287,ржЦржБржЬрждрзЗ,khojte
288,ржЪрж┐ржВрзЬрж┐,chingri
289,рж╕рж░рж▓рзЗржЗ,sorlei
290,ржЗрждрж┐ржкрзВрж░рзНржмрзЗржУ,itipurbeo
291,ржЪрзБрж▓ржХрзЗ,chulke
292,ржЕржзрж┐ржХрждрж░,odhikotor
293,рзлрзйрззрзпрзо,52198
294,ржХрзГрж╖ржХ,krishok
295,рждрж┐ржкрзНржкрж╛ржирзНржирж░,tepantor
296,рж╕рзНржХрж╛ржЗржк,skype
297,ржЗржирж┐ржВрж╢,innings
298,ржЕрж▓рж┐ржкрж╛ржм,olypub
299,ржмрзНржпржХржлрзБржЯрзЗ,backfoot
300,ржЬржиржмрж┐рж░рзЛржзрзА,jonbirodhi
301,ржЕржирзНржирж╛ржХрзЗ,onnake
302,ржЪрж┐рждрзНрж░ржмрж╛ржгрзА,chitrobani
303,рж╕рзНржмржкрзНржиржкрзВрж░ржг,sopno puron
304,ржЕрж░рзНржерж╕рж╛рж╣рж╛ржпрзНржп,ortho sahajjo
305,ржХрж╝рзГрж╖рж┐ржХрж╛,krishika
306,рж╣рзЛржоржорзЗржб,Homemade
307,ржЯрж╛ржирзЗрж▓рж┐ржВ,Tunneling
308,рж▓рж╛рж╕рзНржпрзЗ,lassye
309,рзйрзжрзжржлрзБржЯ,300 foot
310,рж╣рж╛рждрзБржбрж╝рзЗ,hature
311,ржЕржмрждрж░ржгржХрзЗ,obotoronke
312,ржЬрж▓рж╛ржзрж╛рж░ржЯрж┐рждрзЗ,jolodharatite
313,ржЫрж╛ржбрж╝рж╛ржирзЛ,charano
314,ржкрж╛ржирзЗрж╕рж░ржХрзЗ,panesoroke
315,ржЖржЗржирж╕рзНржЯрж╛ржЗржиржжрзЗрж░,einsteinder
316,ржорзБржЬрж┐ржмржХржирзНржпрж╛ржи,mujibkonnyan
317,ржЪржХрзНрж░рж╛ржирзНрждрзЗрж░,chokranter
318,ржЖржжрж░рзНрж╢рзЗ,adorshe
319,рж▓рзЛржХржмрж╣ржи,lokbohon
320,рж╣рж╛рж░рж╛ржиржирж┐,Haran ni 
321,ржЬрзЯржжрзЗржмрзЗрж░,Joydeber
322,ржкрзЗржЯрзЗржирзНржЯрзЗрж░,Patent er 
323,ржирж╛ржоржШрж░рзЗ,Namghore
324,ржмрж┐рж╢рзНржмржЬрж┐рждржХрзЗ,Biswajit ke 
325,ржнрж┐ржнрж╛ржи,Bhibhan 
326,ржЪрж╛рж░рзНржЬрж╢рж┐ржЯрзЗрж░рж░,Chargesheet er 
327,ржоржгрж┐ржжрзБржЯрзЛрж░,Monidutor
328,ржбрзБржпрж╝рж╛рж░рзНржЯрзЗрж░,Duarter
329,рж╕рзНржкрж╖рзНржЯржнрж╛рж╖рж╛ржпрж╝,Sposhtobhashay
330,ржЕржнрж┐ржЬрзНржЮрж╝,Obhiggo
331,ржЬржирзНржоржжрж┐ржиржЧрзБрж▓рзЛ,Jonmodingulo
332,рж╢рзЗрж▓рж┐,Sheli
333,ржкрж╛ржУржпрж╝рж╛ржУ,Paoao
334,ржзрж░рзНрж╖рж┐рждрж╛рж░,Dhorshitar
335,ржЫрзЛржЯржЧрж▓рзНржкрзЗрж░рж╛,Chhotogolpera
336,ржЪрж▓рж╛,Chola
337,ржЫржмрж┐ржЯрж╛ржХрзЗ,Chobitake
338,ржмрж╛ржХрзНржпржУ,bakko
339,рж╢рзБрж▓рзНржХржпрзБржжрзНржз,shulkojuddho
340,ржЧрж░рзНржЧ,gorgo
341,ржкрж┐ржХрзЗржЯрж┐ржВржУ,picketingo
342,ржХрж╛рж░рж╛ржЯрж╛ржЗ,karatai
343,ржлрзЛржХ,folk
344,ржпрзЗржЯрзБржХрзБ,jetuku
345,ржорж╛ржиржХрзЬ,mankod
346,ржХрзНрж░рж┐ржХрзЗржЯрзЗ,crickete
347,рж╕рж╛ржмрж╛рж╕,shabash
348,ржирж▓ржХрзВржкрзЗрж░,nolkuper
349,ржЬрзАржмржи,jibon
350,ржорж╛ржзржмрзЗрж░,madhober
351,ржЧрзБржжрж╛ржорзЗ,gudame
352,ржЪржоржХрж┐рждржУ,chomkito
353,ржЙржкрж╛рзЯржирзНрждрж░,upayontor
354,ржЫрзБржбрж╝ржмрзЗржи,chudben
355,рждрзЛржжрзЗрж░,toder
356,ржЖрж▓рж╛ржорж┐ржирзЗрж░,alaminer
357,ржЙржЫрзНржмрж╕рж┐ржд,ucchoshito
358,рж▓рж╛рж▓рж░рж╛ржо,lalram
359,рзнрзйрзп,739
360,ржХржерж╛ржЧрзБрж▓рж┐рж░,kothagulir
361,ржкржжрзНржзрждрж┐ржЯрж╛,poddhotita
362,ржЧржбржХржбрж╝рзАржУ,godkodio
363,ржнрж┐ржЙрж░,viur
364,ржмржиржжржлрждрж░рзЗ,bondofotore
365,ржкрзМржБржЫржпрж╝,pouchoi
366,рж╢ржлрж┐ржХрзБрж▓рзНрж▓рж╛,shofikulla
367,ржмрж╛рж╝ржбрж╝рж┐рждрзЗ,badite
368,ржлрзНржпрж╛рж╢ржирзЗржмрзНтАМрж▓,fashionable
369,ржорж╣рж╛ржХрж╛рж╢рзЗрж░ржЗ,mohakasheri
370,ржмржЪрзНржЪржирж░рж╛,bocchonra
371,ржорзВрж▓рж┐,muli
372,рж╕рж╛рж░рж╛ржмржЫрж░,sharabochor
373,ржорж╛рж░рзНржХрж╛рж╕,marcus
374,ржЕрзНржпрж╛ржЯрж▓рж╛рж╕,atlas
375,ржкрзНрж░ржмржЪржи,probochon
376,рж╕ржЦрзАрждрзНржмрзЗрж░,shokhitter
377,ржЪрж┐ржирж┐рзЯрзЗржЫрж┐рж▓рзЗржи,introduced
378,ржХржорзНржмрж┐ржирзЗрж╢ржи,combination
379,ржмрж┐ржжрзАржкрзНрждрж╛,bidipta
380,рж╕ржВржХрзНрж░ржоржгржУ,sankraman
381,ржПржЧржкрзНрж▓рж╛ржирзНржЯ,eggplant
382,ржорзНржпрж╛ржЧрж╛ржЬрж┐ржирзЗрж░,kobita
383,ржзржирзНржжрзЗ,dhondhe
384,ржкрж╛рж▓рж╛ржирзЛ,palano
385,ржХрж░рзНржкрзЛрж░рзЗржЯрзЗрж░,corporeter
386,ржзрж░рзЗржирж┐,dhoreni
387,рж░рзМржжрзНрж░ржХрж░рзЛржЬрзНржЬрзНржмрж▓,roudrokorojjol
388,ржжрзЗржЦрж▓рзЗржЗ,dekhlei
389,ржорзЗрзЯрж╛ржжржХрзЗ,meyadke
390,ржмрж╛ржБржЪрж╛рзЯ,bachay
391,ржЯрж┐ржорзЛржерж┐,Timothi
392,рж╕рзБржкрж░рж┐ржЪрж┐ржд,Shuporichito
393,ржирж╛ржЯржХрзЗрж░,Natoker
394,ржЦрзБржжрзЗрж░рж╛,Khudera
395,тАМржпрж╛ржиржЗ,Jan i 
396,ржирж┐рж░рж╛ржкрждрзНрждрж╛ржУ,Nirapottao
397,рж░рзВржкрзЗрж╛рж░,Rupor
398,ржмрж╣,Boho
399,ржЬрзНржпрзЛрждрж┐рж╖ржмрж╛ржгрзАрждрзЗ,Jyotishbanite
400,ржорж╛ржорзБржжржХрзЗ,Mamudke
401,рж╕рзЗржЗрж╕рзВрждрзНрж░рзЗ,Sheishutre
402,ржорзЛрж░рзНржЪрж╛рж░рж╛,Morchara
403,ржХрзЗржирзНржжрзНрж░рж┐рзЯ,kendriya
404,ржЗржирж╕рзНржЯрж╛,Insta
405,рж╕рж┐ржЯрж┐рж╕рзНржХрзНржпрж╛ржи,CT scan
406,рж╕рзБржмржирзНржжрзЛржмрж╕рзНржд,Shubondobosto
407,ржирж┐рзНржЬрж╕рзНржм,Nijossho
408,ржзрзАрж░,Dheer
409,рж╕рж╛ржВрж╕ржжржХрзЗржУ,Shungshodkeo
410,ржЖржЗржиржоржирзНрждрзНрж░рзАржУ,Ainmontrio
411,ржЬрзЛрзЯрзЗрж▓,Joel
412,ржлрзНржпрж╛ржиржмржХрзНрж╕,Fanbox
413,ржЕржЯрзЛржмрж╛ржиржПржУ,Autobunao
414,ржиржЧржжрзЗ,Nogode
415,ржЖржЯрж░,Ator
416,ржирж╛ржЯрзНржпржорзБрж╣рзВрж░рзНржд,Nattyomuhurto
417,рж░рзЗрж╝ржбржорзЗржи,Redmen
418,ржмрзБржжрзНржзржжрзЗржмржХрзЗржЗ,Buddhodebkei
419,рж╣рж┐ржорж╛рж░,Himar
420,рж░рзЛржорж╛ржЮрзНржЪржХрж░,Romanchokor
421,ржЗржирзЗрж╛ржЧрзНрж░рзЗрж╢ржирзЗ,Inauguration a
422,ржХрзЛрж╣рж╛рж▓рж┐,Kohali
423,ржмрж╛ржБржзржмрзЗржи,badhone
424,ржЦрж╛рждрж╛рждрзЗржЗ,Bhalobasa
425,ржЧржбржлрж╛ржжрж╛рж░ржХрзЗ,Godfatherk
426,ржкрж╛рж░рзНржЯрж┐ржЧрзБрж▓рж┐ржХрзЗ,Partygulike
427,ржорж╛рж░рж╕рж╛рж░рж┐,Marsari
428,рждрж╛ржмрзНрж░рж┐ржЬ,Tabrij
429,ржПржЯрж┐,Ati
430,рж╕рзБржоржирзЗрж░,Sumaner
431,рж╕ржорж╛ржЬржмрж┐ржжрзНржпрж╛,Samajvidya
432,ржнрж┐рждрзНрждрж┐рждрзЗ,Bhittite
433,ржорж╛ржкрзЗржиржирж┐,Mapenni
434,ржЕрзНржпрж╛ржкрзЛрж▓рзЗрж╛,Apollo
435,ржЕржВрж╢ржХрзЗржУ,Angshoke
436,рж╕рзНржмржжрзЗрж╢рзАржжрзЗрж░,Swadeshider
437,рж╕рзЛрж░рзНрж╕ржжрзЗрж░,Sourceder
438,ржмрж╛ржкрзЗрж░,Baper
439,ржЙрж╕рзЗржЗржи,Usain
440,ржмрж╛ржиржУрзЯрж╛рж░рж┐рж▓рж╛рж▓,Banwarilal
441,ржЖржирзНржжрзЛрж▓ржирзЗрж░,Andoloner
442,ржмрзАрж░ржкрзБрж░рзБрж╖,Birpurush
443,ржорж╛ржлрж▓рж╛рж░,Muffler
444,ржЖрж░рзНрждрж┐рж░,Artir
445,ржкрж░рзАржХрзНрж╖рж┐рждржнрж╛ржмрзЗ,Porikhitobhabhe
446,рж▓рж┐ржорж┐ржЯржУ,Limito
447,ржХрж┐рж╕рзЗрж░ржЗ,Kiseri
448,ржЬрзЛржЧрж╛ржмрзЗржи,Jogaben
449,рж╕рж╛ржБрждрж╛рж░рзБржжрзЗрж░,Santaruder
450,рж╕рзНржЯрж╛ржЗрж▓ржЯрж╛,Styleta
451,ржЫржмрж┐,ami
452,ржпрж╢ржХрзЗржЗ,tomar bari koi
453,рж╕рж╢рж░рзАрж░рзЗрж░,soshorirer
454,ржкрзНрж░рж╕рж┐ржбрзЗржирзНрж╕рж┐рж░,presidencir
455,рж▓рзНржпрж╛ржВржбржирзЗрж░,lyangdoner
456,рж╕ржорзНржорждрж┐тАУрж╕рж╣,sommoti-swoho
457,ржкрзБржгрзЗрж░рж┐,puneri
458,ржЖржЙржЯрж╕рзНржЯрзЗржкрзЗ,outstepe
459,ржбрзЗржнрж▓ржкржорзЗржирзНржЯ,development
460,рж╣рж░рж┐рж╢ржЪрзНржпрж╛ржЯрж╛рж░рзНржЬрж┐,horishchaterjee
461,ржнрж░рзНрждрж╕ржирж╛,Vortsona
462,ржмрж┐ржжрзНрж░рзВржк,satire
463,ржкрж╛рж╕ржкрзЛрж░рзНржЯржЧрзБрж▓рж┐рж░,passports
464,ржкржЪрждрзЗ,to rot
465,ржХржерж╛ржЯрж╛,the word
466,рж╕рзБржжрзАржкржмрж╛ржмрзБрж░,Mr. Sudip's
467,рж╢рзЛржХржкрзНрж░ржХрж╛рж╢ржХрзЗржУ,even in mourning
468,ржХрж╛ржЙржирзНрж╕рж┐рж▓рж░рж╛,councilors 
469,ржирж╛ржЯржХрзАрзЯрждрж╛рзЯ,dramatic
470,ржмрж╛ржирж┐рзЯрзЗржЫрж┐рж▓рж╛ржо,made
471,ржлрзНржпрж╛ржХрзНржЯ,fact
472,ржХрзНрж▓рзНржпрж╛ржорзНржк,clamp
473,рждрзОржХрзНрж╖ржгрж╛рзО,instantly
474,ржмрж╛ржВрж▓рж╛рж░,of bangla
475,ржЬржирзНржорзЗржЫрж┐,have been born
476,рж╕рж╣ржкржарзАрж░рж╛ржЗ,classmates
477,ржмрзЗржЫрзЗржЫрж┐рж▓рзЗржи,chosen
478,ржЯрж┐ржХржЯрж┐ржХрж┐рж░,lizard's
479,ржкрж╛ржарж┐рзЯрзЗржЫрж┐рж▓,sent
480,рж╢рзМржЪ,latrine
481,рж╢рж┐ржХрж╛рж░рж┐рж░рж╛,hunters
482,ржЬрзЗрж╕ржи,
483,ржоржЬрзЗржЫрзЗ,indulged
484,рж╕рзЗржмрж┐рж╖рзЯрзЗ,in that matter
485,ржПржХржЦржгрзНржб,a volume
486,ржЙрждрзНрждрж░рж╕рзВрж░рж┐ржжрзЗрж░,successors'
487,ржкрж╛рж░рж▓рзЗржи,able
488,рж╕ржЬрзНржЬржи,gentleman
489,ржЬрж▓ржоржЧрзНржи,water-logged
490,ржкрзЗржБрзЯрж╛ржЬржХрзЗ,onion
491,ржЕрж░рзНржирж╛рж╕,honours
492,рждрж╛ржЧржбрж╝рж╛ржЗ,vigorous
493,ржЫрзБржЯрждрзЗ,to run
494,ржжрж╛ржмрж┐ржЧрзБрж▓рж┐рж░,demands'
495,ржмрзНржпржмрж╣рж╛рж░ржХрж╛рж░рж┐ржжрзЗрж░,users
496,ржжрзЗржЦрж┐рзЯрзЗржЫрж┐рж▓рзЗржи,had shown
497,ржирж┐рж╕рзНрждрж╛рж░,rescue
498,рж╢рзАрждрждрж╛ржк,air-conditioned
499,ржХрж┐ржкрж▓рж┐ржВ,Kipling
500,рж░рж╛ржЬрж╛ржмрж╛ржЬрж╛рж░,Rajabazar
501,ржорзБржнржЗ,Movie
502,ржЫржирзНржжрзЗ,in rhythm 
503,ржлрзНрж░рж╛ржирж╕рж┐рж╕рзНржХрзЛ,Francisco
504,ржкрж╛рж▓рзНржЯрж╛ржЗржирж┐,not changed
505,ржкрж╛ржарж╛рж▓рзЛ,sent
506,рззрзнрзйрзо,1738
507,рззрзмрзм,166
508,ржмрж╛ржЧрж┐ржЪрж╛рзЯ,in the garden
509,ржоржирзЛрж░рзЛржЧрзАржХрзЗ,psychiatric patient
510,ржкрзНрж░ржХрж▓рзНржкржЧрзБрж▓рж┐ржУ,Plans
511,рж╕рж╛ржкрзЗржжрзЗрж░ржУ,snakes
512,рждрж╛рж░ржХрзЗрж░,taroker
513,ржЬрзЗржирж╛ржЗржЯрж┐рж╕рзЗрж░,jenasaitiser
514,рж╕рзМржжрж┐рждрзЗ,soudite
515,ржЖрж▓рзЛржЪрзНржпрж╕рзВржЪрж┐рждрзЗржУ,alocchoshuchiteo
516,ржШрзВрж░рзНржгрж┐ржЭрж╝ржбрзЗрж░,ghurnijhorer
517,ржерж╛ржЧрж╕,thugs
518,ржХржирж╕рзНржЯрзЗржмрж▓ржХрзЗ,constableke
519,рзпрзп,99
520,рж╕рзНржЯрзНржпрж╛рж╕рж┐,stacy
521,рж╢рзБржнрзНрж░рж╛ржВрж╢рзБржУ,shubhrangshu
522,ржлрж╛ржБрж░рж╛,
523,ржУрзЯрж╛ржЯржХрж┐ржирж╕,watkins
524,ржмрзБржзржкрзБрж░,budhpur
525,ржлрж┐рж▓рзНржбрж╛рж░,filder
526,ржХржорзНржкрзНржпрж╛ржХрзНржЯрж░рзЗ,compactore
527,ржнрж┐ржнрзЛ,vivo
528,ржЯрзЗржХржЯржирж┐ржХ,techtonic
529,ржЬрзЛрж░ржжрж╛рж░,jordar
530,рзнрзжрзжрзжрзжрзм,700006
531,ржЖрж▓рзЛржХржЪрж┐рждрзНрж░рзЗрж░,alokchitrer
532,ржЖржжрзМржУ,adou
533,ржЕржнрзНржпрзЗрж╕,obbhesh
534,ржЖрж▓рж╛ржкржиржмрж╛ржмрзБ,alaponbabu
535,ржкрж╛ржЧрж▓ржкрж╛рж░рж╛,pagolpara
536,ржиржмржмрж░рзНрж╖рзЗрж░,noboborsher
537,ржнрж╛рж░рждрж▓ржХрзНрж╖рзНржорзА,bharotlokkhi
538,ржнрж╛ржЩржбрж╝рзЗ,bhangore
539,ржХрзЗржмрж┐ржирзЗржУ,kebineo
540,ржкрзНрж░рж╛ржЬрзНржЮрждрж╛рж░,praggotar
541,ржЪрж╛рж▓рж╛ржирзЛржХ,chalanok
542,ржЧрждржХрзЯрзЗржХржжрж┐ржи,gotokoyekdin
543,ржкрж░рж┐ржмрзЗрж╢ржмрж┐ржжржжрзЗрж░,poribeshbidder
544,ржирж╛ржжрж┐рзЯрж╛ржХрзЗ,nadiake
545,рж╕рж╛ржоржЧрзНрж░рзАржЗ,shamogrie
546,ржнрж╛рж╕рзНржХрж░ржмрж╛ржмрзБржУ,bhashkorbabuo
547,ржХрзЗржирж╛ржЯрж╛,kenata
548,ржкрж╛ржарзНржпржХрзНрж░ржо,patthokrom
549,ржЕржЩрзНржЧржжрж╛рждрж╛,ongodata
550,ржЯрзЗрж╕рзНржЯрзЗржУ,testeo
551,ржпрж╛рждрзНрж░рж╛ржкржерзЗрж░,jatrapother
552,ржнрж╛ржЬрзЗржи,bhajen
553,ржХрзГрж╖рж┐ржкрзНрж░ржзрж╛ржи,krrishiprodhan
554,рж╢рж┐рж╢рзБтАМржХрзЗ,shishuke
555,ржкрзНрж░ржХрж╛рж╢ржирж╛,prokashona
556,ржорж░рзНржлржб,morphed 
557,ржмрж┐рж╖рзНржарж╛рж░,bishthar
558,ржЧрзНрж▓рж╛ржнрж╕рзЗ,glovese
559,рж▓рзНржпрж╛ржирзНржбрж▓рж░рзНржб,landlord
560,рж░тАМрзНржпрж╛ржорзЛрж╕ржЗ,ramose e
561,ржЕржмрж╛ржЩрж╛рж▓рж┐,obangali
562,ржкрзНрж░рж╛ржгрзАржЯрж┐,praniti
563,ржПржХржЬрзЛржЯ,ekjot
564,ржЦрж╛ржжрзНржпржкржгрзЗрж░,khaddoponner
565,ржЧржирзНрждржмрзНржпрзЗ,gontobbe
566,ржбрж░рзНржирзЗрж░,dorner
567,ржЪрж╛рж▓рж╛ржирзЛрж░ржУ,chalanoro
568,ржжрж╛ржмрж┐ржжрж╛рж░ржжрзЗрж░,dabidarder
569,ржкрзНрж░рждрж┐ржмрж╛ржжржЯрж┐,protibadti
570,ржкрзБржЬрзЛтАФ,pujo-
571,рж░ржЮрзНржЬржи,ronjon
572,ржкрж┐рж╕рзНрждрж▓,pistol
573,ржЯрж┐ржнрж┐,tv
574,рж░рзЗрж╢ржиржХрж╛рж░рзНржб,rationcard 
575,ржЙржкржХрж░ржг,upokoron
576,ржмрж┐ржжрзНржпрзБрждрзН,bidyut
577,рж╣рзЛржоржЯрж┐,homti
578,ржжрзЗрж╢ржЯрж╛ржЗ,deshtai
579,ржирж┐рзЯрзЗржЗ,niyei
580,ржбрж╛ржирж╣рж╛рждрзЗ,danhathe
581,ржЯрзЗржирж┐ржжрж╛ржХрзЗ,Teni da ke
582,ржкрзНрж░рждрзБрж▓,Pratul
583,рж░рзЗржЦрзЗржЫрж┐рж▓рж╛ржо,rekhechilam
584,рж╕ржнрж╛ржЯрж┐,Sabha ti
585,ржмрж┐рж╢рзНржмржХрзНрж▓рж╛ржм,Bishwa Club
586,ржЪрж░рж┐рждрзНрж░ржЧрзБрж▓рж┐ржУ,Charitro guli
587,ржЦрзЗрж▓ржЫрзЗржи,khelchen
588,ржХрзБржорзАрж░,Kumir
589,ржЦрзЗрж╛рж▓рзЗржи,Kholen
590,ржЦрзЗрж╛рж▓рзЗржи,Kholen
591,ржХрзЯрзЗржиржЧрзБрж▓рж┐,Coinguli
592,рж╕рж╣рж┐рж╕ржкрзБрж░,Shohishpur
593,ржкрзЛрж╕рзНржЯрж╛рж░ржЗ,Posteroi
594,ржЖрждрзНржоржШрж╛рждрзЗ,Atmoghatey
595,ржмрж┐рж╢рзЗрж╢рзНржмрж░,Bisheshwar
596,ржпрж╛ржмрж╛рж░,Jabar
597,ржоржХрзНржХрж╛ржХрзЗ,Mokkake
598,GSTрж░,Gstraw
599,рж╕рж╛рзЯрзЗрж╢рж╛,Sayesha
600,ржЪрж░ржгрзЗ,Charane
601,ржкрж╛ржкрж┐рзЯрж╛ржХрзЗрз╖,Papiyake
602,рж╢рж╛рж╢рзБржбрж╝рж┐ржУ,Sasurhio
603,ржерж╛ржирж╛ржХрзЗ,thanake
604,ржЯрзНржпрж╛ржХрзНрж╕рж┐рж╕рзНржЯрзНржпрж╛ржирзНржбрзЗ,aami
605,ржХрзГрждржХрж░рзНржорзЗрж░,ami
606,рждрж╛рж░рж┐рзЯрзЗржЗ,thik aache
607,ржорзЛрж╣ржирж┐рзЯрж╛ржХрзЗ,mohniyake
608,ржкрзБржирж░рзНржжржЦрж▓рзЗ,Punordokhole
609,рзирзжрзирзи,2022
610,ржиржжрж┐ржирзЗрж░,Nodiner
611,ржмрж┐рж╢рзНрж▓рзЗрж╖ржи,Bisleshon
612,рж╕рж┐ржЧрзБрж░рзЛрж╕рж╕ржи,Sigurosson
613,ржмрж╛ржЬрж╛ржирзЛрзЯ,Bajanoy
614,ржмрж╛ржЬрж╛ржирзЛрзЯ,Bajanoy
615,ржмржЧрж▓рзЗ,Bogole
616,рж╕ржЩрзНржЧржЧрзБржгрзЗ,Songogune
617,ржкрж▓рж┐ржУ,Polio
618,ржжрзВрж░рж╛ржирзНрждрзЗ,Durante
619,ржХрзГрж╖рзНржгржЧржЮрзНржЬрзЗрж░,Krishnoganjer
620,ржкрзНрж░рждрж┐ржпрзЛржЧрж┐рждрж╛рж░,Protijogitar
621,ржЖрж░рзНрждржирж╛ржжрзЗ,Artonade
622,ржжрзНржмрж┐ржзрж╛ржмрж┐ржЬржбрж╝рж┐ржд,Didhabijorito
623,ржкржжрзНржорж╛ржмрзО,paddabot
624,ржпрзБржмржнрж╛рж░рждрзАрждрзЗржЗ,jubovarotitei
625,ржбрзЛржХрж▓рж╛ржорзЗрж░,doklamer
626,ржорзНржпрж╛ржХрж┐рж▓рж░рзЯ,makilroy
627,рж╣рзЗржбрзЗржирзЗрж░,hedener
628,ржкржжрзНржорзЗржЗ,poddei
629,ржпрзБржмржХрзЗржирзНржжрзНрж░рзЗ,jubokendre
630,ржкрж╛рж░рзНрж▓рж╛ржорзЗржирзНржЯрзЗрж░рж┐рзЯрж╛ржирж╕,parlamenterians
631,рззрзжрзи,102
632,ржжрзГрж╢рзНржпржкржЯрзЗрж░,drisshopot
633,рж▓рзЛрж▓рж╛,lola
634,ржорзЛржжрзАржжрзЗрж░,modider
635,ржХрзЯрзЗржХрзЗрж░,koyeker
636,ржЖржорж╛ржирзНржбрж╛,amanda
637,ржкрж╛рж▓ржВржжрж╛рж░ржХрзЗржУ,palongdarkeo
638,ржкрж╛рждрж▓рзЗржУ,Patleo
639,ржкрж░ржжрзЗрж╢,Pardesh
640,рж╢рзНрж░рзАржЬрж╛ржирж╛рж░,Srijanar
641,ржмрзМржмрж╛ржЬрж╛рж░,Boubajar
642,ржЬржирж╕рж╛ржзрж╛рж░ржирзЗрж░,Janashadharon
643,рж╕ржирзНрждрзЗрж╛рж╖,Santosh
644,ржкрзНрж░рж╢ржВрж╕рж╛,appreciate
645,рж╢рж░рзНрждтАФ,sorto
646,ржорзБржХрзБржирзНржжржкрзБрж░рж╕рж╣,mukundopursoho
647,ржЪрж╛рж▓рж╛ржмрзЛ,chalabo
648,ржПржирзНржЯрж╛рж▓рж┐,entally
649,ржЖржЗржПржоржЖржЗ,imi
650,ржЗрзЯрж╛рж░ржПрж░,yaarer
651,ржЙржарзЗржЫрзЗ,utheche
652,ржкрзНрж░рждрзНржпрж╛ржмрж░рзНрждржиржХрзЗржУ,prottabortankeo
653,ржЦржгрзНржбрж╛ржВрж╢,khondasho
654,ржЖрж╢рзНржмрж░рзНржпрзЗрж░,ashorjer
655,ржЙржжрзНржмрж╛рж╕рзНрждрзБржжрзЗрж░,uddhastoder
656,рж▓рзЛржХржЯрж╛рж░,loktar
657,рждрж░рж┐ржХрж╛ржЯрж╛,tarikta
658,ржкрзНрж░рж╢ржВрж╕рж┐рждржУ,proshongshito
659,рж▓ржгрзНржбржнржгрзНржб,londobhondo
660,рж▓ржорзНржкржЯ,lompat
661,ржмрзНрж░рж╛ржЬрж┐рж▓рзЗ,brazile
662,ржЛрждржХрзЗ,rhitke
663,ржнрж╛рж▓ржоржирзНржж,bhalomondo
664,ржерзЗрждрж▓рзЗ,mundu
665,рж╕рзНржЯрзБржЯржЧрж╛рж░рзНржЯрзЗ,stuttgart
666,ржмрзНрж░рж╛ржЮрзНржЪржХрзЗ,branch k
667,рж╣рждрзНржпрж╛ржЪрзЗрж╖рзНржЯрж╛рзЯ,hotta cheshta
668,ржкрж░ржжрж▓,porodol
669,ржкржЪрж╛рждрзНрждрж░рзЗрж░,pochattor
670,ржЖржмрж░рзНрждржи,aborton
671,ржЯрзНрж░рж▓рж╛рж░ржЯрж┐рж░ржУ,troller tir o
672,ржЬржиржорж╛ржиржм,jonomanob
673,ржХрж┐рж▓рзЛрж▓рж┐ржЯрж╛рж░рзЗ,kilo litre
674,ржШржиржШрзЛрж░,ghanoghor
675,рж╣рзЗржирж╕рзНржерж╛рж░,vivek
676,ржПржкрзНрж░рж┐рж▓,alu
677,ржХрж░рзЗржЫрж┐рж▓,korechilo
678,ржмрж┐ржХрж▓рзНржкржирзАрзЯ,bikolponiyo
679,ржХрзИрж▓рж╛рж╕ржЬрж┐,koilasji
680,ржкрж╛ржБржЪрждрж▓рж╛рж░,panchtolar
681,ржЪрж┐ржирзНржорзЯрзА,chinmoyee
682,ржорж┐рж╕,miss
683,ржмрзЗрж╛ржЯ,boat
684,рждрж╛рж╣рзЗрж░рзЗрж░,taherer
685,рж╕рзНрждржиржжрж╛рзЯрзА,Mammal
686,ржорж╣рж╛ржирзНрждрж┐,mohanti
687,ржЫрзЛржЯржкрж░ржжрж╛,chotoporda
688,ржлрзЗржирзЗ,phone-e
689,ржЖржЯржХрж╛рж▓рзЗ,atkale
690,рж╕рзБрж▓рждрж╛ржжрж┐,sulotadi
691,ржЭржбрж╝ржЦрж╛рж▓рж┐рж░,jhorkhali
692,ржорж╛ржирзБрж╖ржЯрж┐,Manush ti
693,рд▓рд┐рдП,Liye
694,ржжрзЗрж╢рждрзНржпрж╛ржЧрзА,Desh tyagi
695,ржжрзБржкржХрзНрж╖рзЗрж░,Dupokhher
696,ржХржорзНржкрзНржпрж╛ржХрзНржЯрж░,Compactor
697,ржЕрзНржпрж╛ржкрзЛрж▓рзЛрзЯ,
698,ржкржгрзНржб,Animal
699,ржЖрждрзНржорж╛ржжрзЗрж░ржУ,Afterlife as well
700,ржмрж┐рж▓рзЛрж▓рзЗржи,Distributed
701,ржжрзБржГржЦржУ,Sadness
702,рж╢рзНрж░рзАржХрж╛ржирзНрждржжрж╛рж░,Srikanta's
703,ржжрзБржжрж╢ржХ,Twenty years
704,ржнрзЗржЩрзНржЧрзЗ,Broken
705,рж╕ржжрж░рзНржержХ,Sodorthok
706,рж░рждржиржжрзЗрж░,Ratander
707,ржЕржмржмрж╛рж╣рж┐ржХрж╛ржХрзЗ,Obobahikake
708,ржЧрзЛржжрж╛рж░рж╛,Godara
709,ржЪрж░рзНржЪрж┐ржд,Chorchito
710,ржнрзНржпрж╛ржЯрзЗржУ,Bhateo
711,ржЧрж┐рж▓рзЗржорзЗржЯрзЗ,Gilemete
712,ржмрзНрж░ржЬржорзЛрж╣ржи,Brojomohon
713,ржЧрж┐ржХрзНрж╕рж╛рж░,Gixaar
714,ржнржмрж╛ржирзАржкрзБрж░рзЗрж░,Bhobanipurer
715,тАЬI,I
716,ржХрзНрж▓рж╛ржмржжрзЗрж░,Clubder
717,ржмрж┐ржЯржХрзЯрзЗржиржХрзЗ,Bitkoyenke
718,ржкрзМржЫрж╛ржмрзЗ,Pouchabe
719,ржЕржзрзНржпрж╛рзЯржЯрж┐ржХрзЗ,Odhyaytike
720,FAN,fan
721,ржкрзНржпрж╛ржб,pad
722,ржнрзВржнрж╛рж░ржд,Vuvarot
723,ржЖрж░рзНрж╕рзЗржи,Arsen
724,ржмрж┐ржЪрзНржЫрж┐ржирзНржиржнрж╛ржмрзЗ,bichcinnovabe
725,ржХрзЛржЪрзЗрж░рж╛ржЗ,kocherai
726,ржЖрж╕рж░рзЗрж░,ashrer
727,ржкрж╛ржерж░рж╛,pathra
728,рж╢рж╛рж╕рзНрждрзНрж░,shastr
729,рж░рж╛ржЬржирзАрждрж┐ржЯрж╛ржЗ,rajnititai
730,ржкрзНрж░рж╛ржкрзНрждрж┐ржХрзЗ,praptike
731,рждрж░рзНржХрзЗ,torke
732,ржХрж▓рзЛржирж┐рж░,kolonir
733,ржХрж╛ржЙржирзНрж╕рж┐рж▓рж░ржжрзЗрж░,councilorder
734,ржерж╛ржХрж╛ржпрж╝,thakai
735,ржмрзЛржорж╛ржмрж╛ржЬрж┐рж░,bomabajir
736,рж░рж╛ржарзЛрж░,rathor
737,рж╕ржкрзНрждрж░рзНрж╖рж┐рж░ржУ,soptorshiro
738,рж▓рзЗрж╛ржХрзЗрж╢ржиржУ,Location o
739,ржкрзНрж░рждрж┐рж░рзЗрж╛ржзрзЗ,Protirodhe
740,рзйрзирзп,Tinsho uno tirish
741,рж╕рж╛ржмрж▓рж╛ржХ,Sabalok
742,ржмрзЗржЧрзБрж╕рж░рж╛ржЗрзЯрзЗ,Begusoraiye
743,ржЗржирзНржЯрж╛рж░ржирзНржпрж╛рж╢ржирзНржпрж╛рж▓,International
744,ржнрж╛рзЬрж╛,Bhara
745,ржХрж╛ржБржкрж┐рзЯрзЗржЫрж┐рж▓,kapiyechilo
746,ржжрж░рзНрж╢ржХрзЗрж░тАФ,dorshker
747,тАЬржжрзБржЗ,dui
748,ржоржЮрзНржЪрж╕рзНрже,moncho
749,рж╕рж░рзНржмржирж┐ржирзНржо,sorbonimno
750,ржХржорж┐рж╢ржХрзЗ,komiske
751,ржШрзЛрж╖ржкрж╛рзЬрж╛рж░,Ghoshparar
752,рж▓рж╛ржЧрж╛ржм,Lagab
753,ржЖрзЯрзЗрж╢рж╛,Ayesha
754,ржкрж╛ржбрж╝рж╛ржЧрж╛ржБрзЯрзЗрж░,Paragnayer
755,ржЪрзЛрж▓рж┐ржУ,cholio
756,ржЧрзНржпрж╛рж╕рзЗржУ,gaseo
757,рждржкрзБ,Jibon
758,ржХрзГрждрзНрждрж┐ржмрж╛рж╕рзЗрж░,Khata
759,ржЛрж╖рж┐ржжрзЗрж░,ржмрзЛржмрж╛
760,рж╢рзНрж░рзАржЬрж┐ржд,Srijit
761,ржЕрзНржпрж╛рж░рзЛржЧрзНржпрж╛ржирзНржЯ,Arrogant
762,ржХрзНрж░рзЛрж░рж╕,Crores
763,ржоржирзАржирзНржжрзНрж░,Manindra
764,рждрзГржкрзНрждрж┐ржжрж╛рзЯржХ,Triptidayok
765,ржЪрж┐ржХрзЗржиржЧрзБрж▓рзЛрзЯ,Chickenguloy
766,ржЕржЧрзНрж░ржЧрждрж┐рждрзЗ,Agrogotite
767,ржкрзНрж▓рж╛рж╕ржПрж░,Plus er
768,ржХрж╖рзНржЯрж┐,Kosti
769,рж╕ржЩрзНржЧрзАрждрж╢рж┐ржХрзНрж╖рж┐ржХрж╛рж░,Sangeet shikkhikar
770,ржзрж╛ржкржЗ,Dhapai
771,ржУржмрж╛ржЗ,Obai
772,ржкрзНрж░рждрж┐рж╖рзНржарж╛ржирзЗржУ,Protisthaneo
773,ржкрзЗрзЯрзЗржЫрзЗ,Peyeche
774,ржХрж╣рждрзЗ,anirban
775,ржЕржЯрзНржЯрж╛рж▓рж┐ржХрж╛рж░,Ottalikar
776,рж╕рзЗржирзЗржЯрж░ржжрзЗрж░,senaterder
777,ЁЯЧгя╕П,kashi?
778,ржЯрзНрж░рж╛ржЗржмрзНржпрзБржирж╛рж▓рзЗрж░,Tribunaler
779,рж╕ржВржХрж▓ржиржорзВрж▓ржХ,shonkolonmulok
780,ржЖржЦрждрж╛рж░,akhtar
781,ржжрзЗржЦрзЗ,dekhe
782,ржнрж┐рж╕рж╛рж░,visar
783,ржПржХржорж╛рждрзНрж░тАФ,ekmatro
784,ржЖржЗржбрж┐ржПржл,IDF
785,ржлрзНрж▓рзЗржорж┐ржВрзЯрзЗрж░,fleminger
786,ржЖржирзНржжрзЛрж▓ржирж░ржд,andolonroto
787,ржЙрзОрж╕рж╛рж╣рзЗ,utshahe
788,ржЖржЦрзЛржБ,akho
789,рж╕рзБржжрзБ,sudu
790,ржжрж┐ржирж░рж╛рждрзНрж░рж┐,dinratri
791,ржмрзЗрж╛ржЭрзЗржирж┐,bojheni
792,ржЯрзНрж░ржлрж┐ржкрзНрж░рж╛ржкрзНрждрж┐рж░,trophy praptir
793,рж╕ржЪрж┐ржиржХрзЗржЗ,sachin kei
794,ржжрзЗржЦрж╛ржЗ,dekhai
795,ржирж┐рж▓рзЗ,nile
796,рж░рзЗржмрждрж┐,reboti
797,рж╕рж╛рж░ржорзЗрзЯрж░рж╛ржЗ,sharomeyorai
798,ржкрзНрж░рждрзНржпрзЗрж░,protyer
799,ржорж╛ржЦрж╛ржирзЛ,makhano
800,ржорж╣ржорзЗржбрж╛ржирзЗ,mohamedane
801,ржПржХрж╕рзБрж░,ekshur
802,ржжрзНржмрж┐рждрзАрзЯ,ditiyo
803,ржорж╣рж┐рж▓рж╛рж░рж╛,mohilara
804,рж╢рзЛрж░ржЧрзЛрж▓рзЗ,shorgole
805,ржнрзМрждрж┐ржХ,bhoutik
806,ржирж┐рж░рзНржнрзЯрж╛ржХрж╛ржгрзНржб,kalke
807,ржЖржЗрж▓рзНржпрж╛ржирзНржбрж╕рзЗ,ajke
808,ржирж╛рж╣рж╛рждрж╛,nahata
809,рж╣рзЛрзЯрж╛ржЯрж╕,whats
810,ржмрж┐ржжрзНржпрж╛ржзрж╛рж░рж╛,bidhyadhara
811,рж░рж┐рж╕рж╛рж░рзНржЪржПрж░,Nirjon
812,ржлрж▓рж╛рзЯ,Shohaay
813,ржЪржирзНржжрзНрж░рж╢рзЗржЦрж░,Chondroshekhor
814,рж╣рзЯрж░рж╛ржирж┐ржХрзЗ,Hoyranike
815,ржХрж╛рж░рж╢рзЗржбрзЗ,Karshede
816,ржкрзЗржкрж╛рж░рж▓рзЗрж╕,Psperless
817,рж╢рж┐рж▓рзНржкржХрж░рзНржоржЗ,Shilpokormoi
818,ржИрж╢рзНржмрж░рзАрзЯ,Divine
819,ржнрзБржорж┐ржХрж╛,Introduction
820,ржЖрж╕рж▓рзЗтАФ,Actually
821,ржмрж┐ржжрзНржпрж╛рж▓рзЯрзЗ,At school
822,рж╕рж╛ржВржмрж╛ржж,News
823,ржЪрж╛ржБржжржирж┐,Moonlight
824,ржкрзНрж░рждрж┐ржнрж╛рж╢рж╛рж▓рзА,talented
825,рж▓рзБржХрж┐рзЯрж╛ржирзЛржнрж╛,talented
826,ржЦрж╛ржиржмрж┐рж▓ржХрж░,khanbilkor
827,ржХржд,koto
828,рж╕рж┐ржЬржи,season
829,ржЙржирждрж┐рж░рж┐рж╢рзЗ,untirishe
830,ржЕржирзНржзржХрж╛рж░рзЗржЗ,ondhokarei
831,ржЫрзЗрж▓рзЗ,chele
832,ржЧржорзНржмрзБржЬрзЗрж░,gomvujer
833,рждрзЛржжрзЗрж░,toder
834,ржкрзНрж░рж╛ржорж╛ржгрж┐ржХ,pramanik
835,рж╕рзЗржЬрзЗ,seje
836,ржХрзБржбрж╝ржирзЛрж░,kurnor
837,ржЙрждрзНрждрж░ржкрзНрж░рзЗржжрзЗрж╢рзЗрж░,Uttorprodesher
838,тАМрж░рж╛рж╖рзНржЯрзНрж░рзАрзЯ,Rashtriyo
839,ржврж╛ржХржврзЛрж▓,Dhakdhol
840,ржмрзГржирзНржжрж╛ржмржирзЗрж░,Brindaboner
841,рж╣рж╛рж╕рж▓рзЗржи,Hashlen
842,ржХрж░рзНржорзАрж░ржЗ,Kormiri
843,рждрж░рж┐,Tori
844,ржЙржмрзЗржЗ,Ubei
845,ржкрж╛рждрзНрждрж░,Pattor
846,ржЕржирзБрждржкрзНржд,Onutopto
847,ржЖрж╕рзБржХтАФ,Ashuk
848,ржУрзЯрж╛рж░рзНржХржкрзЗрж░,Workpayer
849,ржбржмрж▓ржбрзЗржХрж╛рж░,Double-decker
850,ржорзБрж╢ржХрж┐рж▓рзЗ,Mushkile
851,рж╢рзБржБржбрж╝рзЗ,Shure
852,ржкрж╛рж░ржлрж┐ржЙржорзЗрж░,Perfumer
853,рзирзжрзжрзмржП,2006 e
854,ржпрзБржжрзНржзрзЗ,Juddhe
855,ржмрж┐ржХрзЛржмрзЗ,Bikobe
856,ржжрзЗрж╢ржжрзНрж░рзЛрж╣рзЗрж░,Deshodroher
857,ржЕрзНржпрж╛рж▓рзЗржХрзНрж╕рж┐,Alexei
858,ржкрж░рзНржпржЯржиржоржирзНрждрзНрж░рзАрж░,Porjotonmontrir
859,ржЖрж░рж┐ржлрзБрж▓рзНрж▓рж╛,Arifullah
860,ржзрзВ,Dhu
861,ржЧрж╛ржврж╝рждрзНржмрзЗ,Garottwo
862,ржЕржЬрж┐рждржХрзЗржЗ,Ajitkei
863,ржЪрж▓ржд,Cholto
864,ржмрж┐рж╢рзНржмрж╛рж╕ржШрж╛рждржХрждрж╛рзЯ,Bishwashghatokotay
865,рждрж╛рж░рзБржгрзНржп,Tarunnyo
866,ржирж┐рж░рж╛ржкрждрзНрждрж╛ржоржирзНрждрзНрж░рзА,Nirapottamontri
867,ржЖржзрзБрж▓рж┐,Adhuli
868,ржлрзНржпрж╛ржиржХрзНрж▓рж╛ржм,Fanclub
869,ржбрж╛ржХржирж╛ржорж╛,Daknama
870,ржПржЧрзБрж▓рж┐рж░,Egulir
871,ржкрж╛ржЯржХрзЗржЗ,Patkei
872,ржмрж┐рж╢рзНржмржЬрзЯрзЗрж░,Bishyojoyer
873,ржжрзМржбрж╝ржмрзАрж░,Dourbir
874,ржЖржиржмрж╛ржбрж╝рж┐,Anbari
875,ржХрж╛ржорзЬрзЗрж░,Kamorer
876,ржмржХрзНрж╕ржЯрж┐,Boxti
877,ржЕржнрж┐ржоржирзНржпрзБржХрзЗ,Ovimonnyuke
878,рждрж┐ржиржУ,Tino
879,ржмрзНржпржзрж┐рждрзЗ,Byadhite
880,рж╕рж╛ржВрж╣рж╛ржЗ,Shanghai
881,ржШрзВрж░рзНржгрж┐рж░,Ghurnir
882,ржЖржжрж┐рж▓рзЗрж░,Adiler
883,ржкржЯржирж┐рж░,Potnir
884,ржХрзБрж╕рзБржорзНржмрж╛,Kusumba
885,ржХрзНрж▓рзЛржЬржбрзНтАМ,Closed
886,ржЬрзНржмрж╛рж▓рж┐рзЯрзЗржУ,Jwaliyeo
887,ржнрж┐рж╕ржирж╛ржЧрж░рзЗ,Visnagore
888,ржЕржнрзНржпржирзНрждрж░рзЗржУ,Ovvyontore
889,ржЬрж┐ржиржкрж┐ржВрзЯрзЗрж░,Xinping er
890,ржЕрзНржпрж╛ржорзНржмрзБрж▓рзЗржирзНрж╕ржУ,Ambulance o
891,ржлрзЗржб,Fed
892,ржПржЯрж┐ржПржо,ATM
893,ржирж┐ржХрзЛрж▓ржХрзЗ,Nichole ke
894,рж╣рж┐рж▓рж╕рж╛,Hilsha
895,ржЙржкржХрзГрждржЗ,Upokritoi
896,ржЦрж╛рж░рж╛ржкржЗ,Kharap e
897,ржЖрж░ржХрзА,Arki
898,рж╣рзЗрж╛рж▓рж┐,Holy
899,ржШрж╛ржБржЯрж┐рждрзЗ,Ghatite
900,ржкрждржирз╖,Poton
901,ржкрзБржм,Pub
902,ржПрж╕рж╕рж┐ржЬрж┐рждрзЗ,SCG te
903,ржлрж┐рж▓рзНржоржорзЗржХрж╛рж░ржжрзЗрж░,Filmmaker der
904,ржирж▓рзАржи,Nolin
905,ржЧржгрждржирзНрждрзНрж░рж╣рзАржирждрж╛рж░,Gonotontrohinotar
906,ржЧрзНрж░рзАрж╖рзНржорзЗрж░,Grishhyer
907,рж╢ржкрж┐ржВржорж▓,Shopping mall
908,ржЪрж╛ржБржжржирзА,Chandni
909,ржХрзЗрж▓рж╛рж╕,Kelash
910,рж╕ржорзБржжрзНрж░ржкрзГрж╖рзНржа,Somudroprishtho
911,ржирзЯржХрзЛ,Noyko
912,ржкржЮрзНржЪрждрзНржм,Ponchottwo
913,ржПрж╕ржЯрж┐ржЗржП,STEA
914,ржкрзНрж░ржлрзБрж▓рзНрж▓ржмрж╛рж▓рж╛,Profullobala
915,рж╢рж╛ржирзНрждрж┐ржХрзЗ,Shantike
916,ржЧрзЬрж▓рзЗржи,Gorlen
917,ржорзНржпрж╛рж▓рзЗржирж╛,Malena
918,ржорж╛ржирж┐ржЗ,Mani
919,ржорж╛ржХржбрж╝рж╕рж╛,Makorsha
920,ржорзЛржбрж╝ржЧрзБрж▓рж┐рждрзЗ,Morgulite
921,ржирж┐рж╢рж╛ржирж╛рзЯ,Nishanay
922,ржмрж┐рж▓рзНржбрж┐ржВрзЯ,Building
923,ржЕрзНржпрж╛рж░ржи,Aaron
924,ржнржмрзНржпрждрж╛,Vobyota
925,ржЕрзНржпрж╛ржХрж╛ржжрзЗржорж┐,Academy
926,ржХрзБрж╕рзНрждрж┐ржЧрзАрж░ржжрзЗрж░,Kustigirder
927,ржнрзЛржЯржмрзНржпрж╛ржЩрзНржХрзЗрж░,Votebank er
928,ржжрзЛржХрж╛ржи,Dokan
929,рж╣ржарзЗ,Hothe
930,ржЗрзЯрзЗржЯрзНтАМрж╕,Yates
931,рж╕рж┐ржжрзНржжрж╛ржирзНржд,Siddhanto
932,ржкрж╛ржбрж╝рзБржЗрзЯрзЗрж░,Parui er
933,ржмрж╛рждрж┐рж▓рж░рзЗ,Batilre
934,ржоржирзНржиржкрзБрж░ржо,Monnopurom
935,ржоржирж╕рзНрждрж╛ржкрзЗ,Monostape
936,ржЙржарж▓ржУ,Uthlo
937,ржжрзБрзЯрзЛрж░рж╛ржирзА,Duorani
938,рждрж┐ржиржУ,Tino
939,ржкрзБрж░рзЛрж╣рж┐ржд,Purohit
940,ржлрзЗрзЯрж╛рж░ржирзЗрж╕,Fairness
941,ржЧрзЛржорж╛ржЩрзНржЧрж░,Gomangor
942,ржмрж┐рж╖рж╛ржжржЧрж╛ржерж╛рзЯ,Bishadgathay
943,ржмрж┐ржирж┐ржХрзЗржЗ,Binikei
944,рззрзж,10
945,ржкрж░рж┐ржмрзЗрж╢ржирж╛рждрзЗржУ,Poribeshonateo
946,ржХрж╛ржирж╛ржШрзБрж╖рзЛржЗ,Kanaghushoi
947,рж╣рзНржпрж╛рж░рж┐ржХрзЗ,Harryke
948,ржмрзБржержлрзЗрж░ржд,Boothferot
949,ржЕржнрзНржпрж╛рж╕рзЗржУ,Ovvyasheo
950,ржЪрж▓рзЗржирж┐,Choleni
951,ржжрзЗржмрз╖,Debo
952,рж╕рзНржкрж╛ржЗржбрж╛рж░ржорзНржпрж╛ржи,Spiderman
953,ржПржЮрзНржЬрзЗрж▓рзЗрж░,Angel er
954,рж╕рзНржмржнрж╛ржмржУ,Shovab o
955,ржкрж┐ржаржУ,Pith o
956,ржЦржбрж╝ржХрзБржЯрзЛрж░,Khorkutor
957,ржУрж░рж┐рзЯрзЗржирзНржЯ,Orient
958,ржбрж┐рж╕рж┐рж╢ржиржХрзЗ,Decision ke
959,ржлрж▓ржнрзЛржЬрзА,Folbhoji
960,ржзрж░рждрзЗ,Dhorte
961,рзирзйрждржо,23th
962,ржЪрзЛржЯрзЗрж░,Choter
963,рж╕рзНржмржпрж╝ржВрж╕рзЗржмржХ,Soyongshebok
964,рж╢рж┐ржХрзНрж╖ржХржжрзЗрж░рз╖,Shikkhokder
965,ржорзЛржЯрж┐ржлрзЗрж░,Motif er
966,рж╢рзНржпрзБржЯрж┐ржВржЯрж╛,Shootingta
967,ржирж╛рж╣рж╛,Naha
968,ржУржорж╛ржЧржмрзЗржорж┐ржХрзЗ,Omagbemike
969,ржорзБржЬрж╛ржлржлрж░ржиржЧрж░рзЗрж░,Mujaffornogorer
970,ржорж╛рзЯрзЗрж░рж╛ржЗ,Mayerai
971,ржЬржбрж╝рж╛ржирзЛржЯрж╛,JoRanota
972,ржЕржкржШрж╛рждрзЗ,Opoghate
973,ржХрзНрж░рзАржбрж╝рж╛ржмрж┐ржжржХрзЗ,Krirabidke
974,рж╢рж┐ржХрзНрж╖рж╛ржоржирзНрждрзНрж░рзА,Shikhkhamontri
975,CCD,CCD
976,ржЬржЩрзНржЧрж▓ржорж╣рж▓,Jongolmohol
977,ржЧрж┐рж▓ржорж╛рж░,Gilmar
978,ржжрзЗржмрждрзНржм,Debotto
979,ржарж╛ржирзНржбрж╛ржХрзЗржУ,Thandakeo
980,ржжрзЗрж╢ржмрж┐рж░рзЛржзрзАрж░,Deshbirodhir
981,рж╕рзЗрж▓рж┐ржорзЗрж░ржУ,Selimero
982,ржШрзЗрж░рж╛ржЯрзЛржк,Gheratop
983,рж╕рзМржирзНржжрж░рзНржпрзНржпрзЗрж░,Shoudorjer
984,ржЖржмржжрзБрж▓рзНрж▓рж╛рж░,Abdullar
985,рж╕рзЗржирж╕рж┐ржмрж▓,Sensible
986,ржУрзЯрж░рзНржХрж╢ржкрзЗрж░,Workshoper
987,ржЭрж╝рж╝ржбрж╝,Jhor
988,ржЕржирзНржзржХрж╛рж░ржорзЯ,Ondhokarmoy
989,ржПржирзЗржУ,Eneo
990,ржЙржлрзНтАМ,Uff
991,ржоржирзНржжрзАржнрзВржд,Mondivut
992,ржбрж╛рзЯрж╛рж▓рж┐рж╕рж┐рж╕рзЗрж░,Dialysiser
993,ржлржбрж╝ржгржмрзАрж╢ржХрзЗ,Foronbishke
994,ржмрзЯрж╛ржирзЗржУ,Boyaneo
995,рж░ржХрзНрждржХрж░ржмрзАрж░,Roktokoborir
996,ржлрзНржпрж╛рж╕рж┐ржЬржорзЗрж░,Fasijomer
997,рззрзнрзкржЯрж┐,Eksho chuattorti
998,ржХрзЛрж▓рзЗ,Kole
999,ржорзЗржЯрзНрж░рзЛржУ,Metro O
1000,ржирж┐ржХрж╛рж╣ржирж╛ржорж╛рждрзЗржЗ,Nikahnamatei
1001,ржЖржЗржПржПрж╕,IAS 
1002,ржЧрждрж┐рж░,Gotir
1003,ржЪрж╛рж░рзНрж▓рж╕рзЗрж░,Chair
1004,рждрзИрж▓рж╛ржХрзНржд,oily
1005,ржЧрж╛ржжрж╛ржЧрж╛ржжрж╛,Congested 
1006,ржжрзБржЯржХрж░рзЛ,Du-tukro
1007,ржмрж╛рж╣рж┐ржирж┐рж░,Bahinir
1008,ржЪрж┐рждрж╛рж▓рзЗ,Chitale
1009,ржмрзЗрж╕рзНржЯ,Best
1010,ржкрзНрж░рждрж┐ржирж┐ржзрж┐ржХрзЗржУ,Protinidhi-keo
1011,ржмрзНржпржХрзНрждрж┐ржУ,Bekti-o
1012,рзйрззрзн,317
1013,ржЕрж╢рзНржирзАрж▓,Oshlil
1014,ржЧржгрж╢рж╛рж░,Gonshar 
1015,ржЖржЗржорж╛рж░,Aimar
1016,ржорзЗржШржжрзВржд,Meghdut
1017,ржбрзЗржнрж┐ржбрж╕ржирзЗрж░,Devidson er
1018,рж░рзЛржорж╛ржирзНржержи,Romanthon
1019,ржкрзБржБржЬрж┐ржмрж╛ржж,Pujibad
1020,ржмржЗрзЯрзЗрж░,Boiyer
1021,ржЙрждрзНржкрж╛ржжржирзЗрж░,Utpadon er
1022,ржирж╛ржЪрждрзЗ,nachte
1023,ржжрзБрж░рзНржЧрж╛ржкрзБржЬрзЛрж░,durgapujor
1024,ржЪрж╛ржкрзБржХтАФ,chapuk
1025,ржкрзНрж▓рж╛рждрж┐ржирж┐,Platini
1026,рждрж╛ржбрж╝рж╛ржмрзЗ,tarabe
1027,ржмрж┐ржкрж░рзНржпрзЯржХрзЗ,biporjoyke
1028,ржмрзНржпрж╛ржкрзНржд,byapto
1029,ржУрзЯрж╛ржЯрж╛рж░рзЗрж░,waterer
1030,ржирзЗржорзЗржЫрж┐рж▓,nemechilo
1031,ржкржерж╢рж┐рж╢рзБрж░,pothoshishur
1032,ржжрзЗржУрзЯрж╛ржирзЛ,deyano
1033,ржЙржирзНржирж╛ржУрзЯрзЗрж░,unnawayer
1034,ржмрзЗржбрж╝рж╛ржЬрж╛рж▓,berajal
1035,ржкрзНрж░рж╛ржкрзНрждрзЗрж░,prapter
1036,рж╢ржи,shon
1037,рж╢рзНрж░рзАрзЯрж╛,shriya
1038,рж▓рзБржлржерж╛ржирж╕рж╛,lufthansa
1039,рж╢рж╛рж╕ржиржХрзЗ,shashonke
1040,ржЧрзНржпрж╛рж▓ржирзЗрж░,gyaloner
1041,ржХржирж┐рж╖рзНржаржЯрж┐,konishthoti
1042,рзирзкрзм,duishotochechollish
1043,ржЯрзБрж░рзНржирж╛ржорзЗржирзНржЯржЗ,turnamenti
1044,ржмрзНржпрж╛ржирзНржбржЯрж╛,bandta
1045,ржЖржЗржирж╕ржорзНржоржд,ржЯрзЗржмрж┐рж▓
1046,ржЙрзОржкрж╛ржжржХрзЗрж░рж╛,Producers
1047,ржмрж╛рзЯрзБрж╕рзЗржирж╛рж░,Airfighters
1048,ржЯрзБржЗржЯржЧрзБрж▓рж┐тАФ,
1049,ржХржорж▓ржмрж╛ржмрзБрж░,
1050,ржЬржмрж┐рж░,
1051,ржмрж╛ржВрж▓рж╛ржжрзЗрж╢рж░,Bangladesh's
1052,ржирж┐рж░рзНржорзАрзЯржорж╛ржг,On Development
1053,ржЪрж╛ржХржЪрж┐ржХрзНржпрзЗ,Glittering 
1054,рж╕рзБрж╢рж╛ржирзНрждржмрж╛ржмрзБрж░,
1055,рж╕рзНржорзГрждрж┐ржнрзНрж░ржВрж╢рзЗрж░,
1056,ржорж╛ржжрзБрж░рж╛ржЗ,
1057,ржмрзНржпржмрж╣рж╛рж░ржХрж╛рж░рзАржжрзЗрж░,
1058,рдЖрдПрдВрдЧреЗ,
1059,ржиржмржжржорзНржкрждрзА,nobodompotti
1060,рж╣рзЗржЧрзЗржЗ,hegei
1061,ржЯрж╛ржБржХрж╢рж╛рж▓,tyakshal
1062,рж░рж╕ржЧрзЗрж╛рж▓рзНрж▓рж╛,rasogolla
1063,рж╕рзБржирж┐рж░рзНржорж╛ржг,sunirman
1064,ржХрж╛рж░рзНржЯрзБржиржХрж╛ржгрзНржб,cartoonkando
1065,ржЪрж░рж┐рждрзНрж░рзЗрж░ржУ,choritrero
1066,ржмрзЗржЪрж╛рж▓,bechal
1067,рж╕ржВрж╕рж╛рж░ржЯрж┐,songsarti
1068,ржорж╛ржЗрж░рж┐,mairi
1069,ржмрзАрж░рж░рж╛ржУ,birrao
1070,ржЕржЧрзНржирж┐ржн,agnibha
1071,рж╕рж╛рж╣рзЗржмрж╕рзБржмрзЛржжрзЗрж░,sahebsuboder
1072,ржЕрзНржпрж╛рж▓рж╛ржЙржб,allowed
1073,ржкрж╛ржЯрзЛрзЯрж╛рж░рж┐,patoari
1074,ржирж┐рзЯржирзНрждрзНрж░ржгржмрж╛ржж,niyontronbad
1075,ржорзБржЦржЪрзНржЫржмрж┐,mukhocchobi
1076,ржЙржжрзНржпрзЗрж╢рзНржпрзЗ,uddesshe
1077,рж╕рзНрж░рж╖рзНржЯрж╛,srosta
1078,ржпрзЛржЧрж╛ржирзЗрж░,joganer
1079,ржХрж░ржЫрзЗрж▓,Had done
1080,ржмржЫрж░ржЧрзБрж▓рж┐рж░,Years'
1081,ржПржХржжрж┐ржирзЗрж░,One Day's
1082,ржбрж╛рж░рзНржХ,
1083,рж╣рж╛рж╕рж┐ржорзБржЦрзЗ,With smiling face
1084,ржЬрж┐ржкрж┐ржУ,GPO
1085,ржХрж╛рж▓ржкрж░рзНржмржХрзЗржЗ,Kalporbokei
1086,ржЦрзЗрж▓ржмрзЗржиржЗ,Khelben e
1087,рж╕ржЩрзНржХрзЗрждржУ,Sonketo
1088,ржпрзБржХрзНрждрж░рж╛,Juktora
1089,рждрзБрж▓ржЫрзЗ,Tuleche
1090,ржорж┐рж╖рзНржЯрзЗ,Mishte
1091,ржорж┐рждрзНрждрж┐рж░,Mittir
1092,ржХржорж┐рж╢ржирзЗ,KorOna
1093,ржЯрж╛рж░рзНржирж╛рж░,tarnar
1094,ржорж╛ржорж╛ржмрж╛ржбрж╝рж┐рж░,mamabarir
1095,рж╕рж┐ржжрзНржзрж╛ржирзНрждржХрзЗржУ,sindhantokeo
1096,ржЙрж▓рзНржХрж╛ржкрждржирзЗ,ulkapotone
1097,тАЬржкрзНрж░рж┐рзЯржЩрзНржХрж╛рж░,priongkar
1098,рж░рзЛржорж╛ржЮрзНржЪрзЗ,romance
1099,ржЙржХрзНрждрж┐,ukti
1100,ржкрзНрж░ржЪрж┐рж▓ржд,procolito
1101,ржЕрж░рж╛ржЬржирзИрждрж┐ржХ,orajnoitik
1102,рж╕рзНрж▓ржЯрж╛рж░рж╣рж╛ржЙрж╕,Slaughter-house
1103,рж╣рзБрж▓рзНрж▓рзЛрзЬрзЗрж░,Hullor
1104,ржбрж┐рж▓рж╛рж░,Dealer 
1105,ржУрзЯрзЗржм,Web
1106,ржХрзБржБржЬржУрзЯрж╛рж▓рж╛,Kunjwala
1107,ржЧрзБржЬржЧрзБржЬ,Gujguj
1108,ржЕрждржЗ,Otoyi
1109,ржУржоржкрзНрж░ржХрж╛рж╢рзЗрж░,Omproksaher 
1110,ржмрзНржпрж╛ржХрж░ржгржмрж┐ржзрж┐,Byakoronbidhi
1111,ржЖрж╢рж╛рж░,Ashar
1112,BASIL,Basil
1113,ржорзГржгрж╛рж▓рзЗрж░,Mrinaler
1114,ржЪржоржХржУ,Chomoko
1115,ржерж┐ржорзНржорж╛ржЗрзЯрж╛,Thimmayiya
1116,ржЪрж╛ржХрж▓рж╛ржжрж╛рж░,Chakladar
1117,ржорж╛рж▓рж╛рж░,Malar
1118,ржХржиржЯрзНрж░рзЗрж░рж╛рж╕,Contreras
1119,ржЬрж╛рж░рзНржирж╛рж▓,Journal 
1120,рждржбрж╝рж┐ржжрж╛рж╣ржд,Toridahoto
1121,рж╢рж┐рж▓рзНржкржмрж┐рж░рзЛржзрзА,Shilpobirodhi
1122,ржкрзНржпрж╛рж░рзАржЪрж╛ржБржж,Pyaarichaand
1123,рж╕рж┐рж╕рж┐ржкрж┐ржПрж░,CCPer
1124,ржЖрж╕ржмрж╛ржм,Ashbab
1125,ржлрзБржЯрж┐рзЯрзЗржЫрзЗ,Phutiyeche
1126,ржмржЧрж▓рзЗржУ,Bogoleo
1127,ржмрж╛рзЯрзЛржЯрж┐ржХ,Biotica
1128,ржЫрж┐ржБрзЬрзЗржЫрзЗ,Chnireche
1129,ржбрж╛ржХрзНржЯ,duct
1130,рж╣рж░рж┐рж░рж╛ржоржкрзБрж░рзЗрж░,Horirampur er
1131,ржирзЗрждрзНрж░рж╛рж▓рзЯрзЗрж░,Netralayer
1132,рж░рзЗрж╛ржХрж╛,Roka
1133,рж╕рж╛рзЯржиржХрзЗ,Sayonke
1134,рж╣рж╛ржкрж┐рж╢,Haapish
1135,ржЪрзМрж╣ржжрзНржжрж┐рждрзЗ,Chowhodditey
1136,ржЗржирзНржЯрж╛рж░ржнрзНржпрж╛рж▓рзЗрж░,Intervaler
1137,рж╢ржмржпрж╛рждрзНрж░рж╛,Shobjatra
1138,ржирж╛ржЯрж╛ржмрж╛ржбрж╝рж┐рждрзЗ,Natabarite
1139,ржЕржнрж┐ржмрж╛рж╕ржирзЗрж░,Abhibashoner
1140,ржЕржзрзАрж░,Awdhir
1141,ржЖрждрзНржорж╕ржорж░рзНржкржг,Aatmyoshomorpon
1142,ржЖрж░ржмрж╛ржЬ,Aarbaaj
1143,рзирж▓ржХрзНрж╖,Du Lokkho
1144,ржкрзНрж▓рзЗрзЯрж╛рж░ржжрзЗрж░,Playerder
1145,ржХрж▓рзНржпрж╛ржиржЧрзЬ,Kalyangawr
1146,рж╕ржорж╛ржЬрждрждрзНрждрзНржмржмрж┐ржжтАФ,Shomaj-tottowbid
1147,ржврж╛ржХржирж╛,Dhakna
1148,ржирж┐ржХрзНржХрзЗрж╛,Nikko
1149,рж╕рзБржЦрзНржпрж╛рждрж┐ржЗ,Shukkhyati-ee
1150,ржХржмржЬрж╛,Kobja
1151,рж╢рж┐ржмрж░рж╛ржЬ,Shiboraj
1152,рж╢рзНрж░рзЗрж╖рзНржаржжрзЗрж░,Sresthoder
1153,ржЧрзАрждрж╢рзНрж░рзАрж░,Geetasree'r
1154,рж╢рзБржирж╢рж╛ржи,Shunshan
1155,ржХрзГрж╖рзНржгрзЗржирзНржжрзБржмрж╛ржмрзБ,Krishnendubabu
1156,ржкрзНрж░рждрж┐ржмрзЗржжржХрзЗрж░,Protibedok'der
1157,ржЧрзНрж░рж┐ржЯрж┐ржВрж╕,Grretings
1158,ржнрзНржпрж╛рж░рж╛ржЗржЯрж┐ржЗ,Variety-ee
1159,ржЧрж▓рж┐,Goli
1160,ржжрж╢рж╛,Dawsha
1161,ржмрж╛ржХрж┐,Baki
1162,ржмрж░рж╛рждржПрж░,Boraater
1163,ржЕрзНржпрж╛ржлрзЗржХрзНржЯрзЗржб,Affected
1164,ржнрж╛рж▓рзБржХрж╛,Bhaluka
1165,ржЧрзНрж░рж╕рж┐ржВ,Grossing
1166,ржкрзБржХрзБрж░рзЗрж░,Pukurer
1167,ржкрж╛ржЗржХ,Paik
1168,ржЗржорзНржкрж░рзНржЯрзЗржирзНржЯ,Important
1169,рж╢ржмрзНржжржмржирзНржз,Shobdobondho
1170,ржорзЛржЯрж┐рзЯрж╛ржмрзБрж░рзБржЬрзЗрж░,Metiaburuj'er
1171,ржмрзНрж░ржЬрзЗрж╢,Brojesh
1172,ржмржжрж░ржХрзНржд,Bodrokto
1173,рзорзйрждрзЗ,Teeraashi' te
1174,ржХрж░ржиржжрж┐ржШрзА,Korondighi
1175,ржЕржирж╕ржорзНржмрж▓рзЗрж░,Ensemble'er
1176,ржирж╛ржоржУ,Naam'o
1177,ржЧрзЛрждрж┐ржЗ,Gotitei
1178,рж╕рзНржмрж╛рж╕рзНржерзНржпржнржмржирзЗржЗ,Sasthyobhobon-ei
1179,ржерж╛ржХрж▓рзЗржи,thaaklen
1180,ржЙрж╣рзНржпржЗ,Ujjho-ee
1181,рж╕рж┐ржЗржУрж░,Sewer
1182,ржзрзНржмржВрж╕рж▓рзАрж▓рж╛ржЗ,Dhongshoshila-ee
1183,рж░рж╛рзЯрждрзЗржЗ,Rayat-ei
1184,рж╕рж╣ржпрзЛржЧрзА,Shohojogi
1185,ржкрзНрж░рж╢рж╛рж╕ржиржХрзЗржЗ,Proshashonkei
1186,рж╕рж╛ржерзЗ,saathe
1187,ржорзЗржХрж╛ржирж┐ржХрж╕,Mechanics
1188,ржкрзБржиржГржкрзНрж░ржорж╛ржг,Punoh-promaan
1189,ржХрзНрж╖рзБржзрж╛,Khudha
1190,ржЙрждрзНрждрзЗржЬржирж╛рж░,Uttenjona'r
1191,ржЕржирзБржкржоржХрзЗржУ,Anupamkeo
1192,рж░рж╛ржирж╛ржУрзЯрж╛ржд,Ranawat
1193,ржХрж┐рж░рж┐рзЯрж╛,Kiriya
1194,ржХрж╛ржЯрж▓рзЗржУ,Kaatleo
1195,рж░рж╕рж╛рзЯржитАФ,Roshayon
1196,рж╕рзНржмрж░рж╛рж╖рзНржЯрзНрж░ржоржирзНрждрзНрж░рзАржХрзЗ,Shawrashtromontri ke
1197,ржЖрж░рж┐рзЯрж╛ржирзЗрж░,Aryan'der
1198,ржмрзБржХрж┐ржВрзЯрзЗ,Booking-e
1199,рж╣рзЗрж░рж┐ржЯрзЗржЬ,Heritage
1200,ржПржХрж╛ржВрж╢рзЗрж░ржУ,Ekangshero
1201,ржЖрж╕рзНржЯрзНрж░рзЗрж▓рж┐рзЯрж╛рзЯ,Australia-e
1202,ржЬрзБржбрж╝рж▓,Jurlo
1203,ржХрзЯрзЗржХрзЗрж░,Koyeker
1204,ржжрзБржзржХрзБржорж╛рж░,Dudhkumar
1205,ржирж┐ржмрзЗржжрж┐рждрж╛ржжрзЗржмрзА,Nibeditadebi
1206,ржЦрж╛рждрж╛рждрзЗржЗ,Khatatei
1207,ржирж╛ржжржнрж┐,Nadvi
1208,ржХрзБрждрзБржмржЙржжрзНржжрж┐ржи,Kutubuddin
1209,рж░рж╛ржЬрзЗржи,rajen
1210,ржнрж╛рж▓ржмрж╛рж╕рж┐тАЭ,valobasi
1211,ржмрзЗрж╛ржЭрзЗржирж┐,bojheni
1212,рж╕рзНржмрзЯржВрж╕рзЗржмржХрзЗрж░,soyongseboker
1213,рж╢рзЛржХржкрзНрж░рж╕рзНрждрж╛ржм,shokprostab
1214,ржмрж╛ржзрж┐рзЯрзЗржЫрж┐рж▓рзЗржи,badhiyechilen
1215,рж╣ржЯрж▓рзЗржи,hotlen
1216,ржнрж╛рж▓ржмрж╛рж╕ржм,valobasb
1217,ржЫрж┐ржЯрж┐рзЯрзЗржЗ,chitiyei
1218,рж╕рзНржмржпрж╝ржВрж╕рзЗржмржХ,soyongsebok
1219,ржУржмрж╛рж╕,obas
1220,рж╕ржоржмрзЗржжржирж╛,somobedona
1221,рж╢рж╛рж╣рж░рж┐рзЯрж╛рж░,shahriyar
1222,ржЦрж╛ржУрзЯрж╛ржЪрзНржЫрзЗ,khawacche
1223,ржкржжрзНржзрждрж┐рждрзЗ,poddotite
1224,рж╕рзБрж▓рзЗржорж╛ржитАФ,suleman
1225,рж▓рзЗржЯрж╛рж░рзЗ,letare
1226,рж░рж╛ржоржзржирзБрж░,ramdhonur
1227,ржЦрзЗрж▓рж╛ржирзЛржЗ,khelanoi
1228,ржврж╛рж▓рж╛ржЗрзЯрзЗ,dhalaye
1229,тАЬрж╕ржВрж╕рзНржХрзГрждрж┐,songskrriti
1230,рж▓рж╛ржЗржмрзНрж░рзЗрж░рж┐рж░ржУ,libraryro
1231,ржмрзБржержорзБржЦрзЛ,boothmukho
1232,рж╢рж░рж╛ржлрзЗрж░,shorafer
1233,ржХржорзНржоржЯрж┐,kommoti
1234,ржлрзЗржбрж╛рж░рзЗрж▓рзЗрж░,federaler
1235,рж╕рж┐ржирзНрж╣рж╛ржХрзЗ,sinhake
1236,ржкржбрж╝рж╛рж╢рзЛржирж╛рж░ржУ,porashonaro
1237,ржЪржХрзНрж░,cokro
1238,ржЦрзБржБржЬрзЗржЫрж┐рж▓рж╛ржо,khujechilam
1239,ржбрж┐рж╕рзНржЯрзНрж░рж┐ржмрж┐ржЙржЯрж░рж░рж╛,distributorra
1240,рж░рзЗржи,ren
1241,ржЕржирзБрж╢рзАрж▓ржирж░ржд,onushilonroto
1242,ржЕржирзБрж╢рзАрж▓ржирж░ржд,onushilonroto
1243,ржирзНржпрж╢ржирж╛рж▓,national
1244,ржЗржирж┐ржВрж╕ржЯрж╛,inningsta
1245,ржоржирзЛржорж╛рж▓рж┐ржирзНржпржУ,monomalinyoo
1246,ржЗрж╕рзНрждрзЗрж╣рж╛рж░рзЗ,istehare
1247,ржПрж▓рж┐рж╕,elice
1248,ржкрзНрж░рзЗржорж┐ржХрж╛рж░рж╛,premikara
1249,ржЬрзЗрж▓рзНрж▓рж╛рж░,jellar
1250,тАЬржкрзНрж░ржЪрж╛рж░,prochar
1251,ржнрзЗржЩрзНржЧрзЗ,venge
1252,рж░рж╣рж╛,roha
1253,ржХрзЛржорзНржкрж╛ржирзАрж░,kompanyr
1254,ржкрзНрж░рждрж┐ржЯрж┐рж░,protitir
1255,ржорж┐рж░ржЬрж┐рзЯрж╛,mirjiya
1256,рж╕рзНржЯрж╛ржЗржХрж╛рж░,striker
1257,ржЬрж╛ржиржЬржЯрзЗрж░,janjoter
1258,ржЧржгрзЗрж╢ржмрж╛ржмрж╛,goneshbaba
1259,рж▓рзЛржмрзЗржи,Loben
1260,ржжрзАрж░рзНржШржжрзЗрж╣рзАржЗ,Dirghodehi
1261,тАЬржпржжрж┐,Jodi
1262,рж╕рж┐рж░рж┐рж╕рзЗржирж╛ржУ,Sirisenao
1263,ржнржжрзНрж░рждрж╛,Bhodrota
1264,ржЧрзЛрж▓ржорж╛рж▓,Golmaal
1265,рж╢рзЗржЗржЦ,Sheikh
1266,ржмрзБржХрзЗ,Buke
1267,ржжрзМржБржбрж╝,Dour
1268,ржбрж╛рзЯрзЗрж░рж┐рждрзЗржУ,Dairyteo
1269,ржоржирзНрждрзНрж░рзАржорж╢рж╛ржЗрзЯрзЗрж░,Montrimoshaier
1270,ржерзНржпрж╛ржБрждрж▓рж╛ржирзЛ,Thnatlano
1271,ржЖрж▓рж╛ржкржиржмрж╛ржмрзБржХрзЗ,Alapanbabuke
1272,рждрзБрж▓рж╕рж┐ржкрж╛рждрж╛,Tulsipata
1273,ржмрзНрж▓рзЛ,Blow
1274,ржмрж┐ржзрж┐рж░,Bidhir
1275,рж░ржмрж╛рж░рзЗрж░,Robarer
1276,рж╕рзЛржнрж┐рзЯрзЗрждрзЗрж░,Sovieter
1277,ржЖржХржмрж░ржХрзЗржУ,Akbarkeo
1278,ржЦрж╛ржжрзНржпржирж╛рж▓рж┐,Khadyonali
1279,рж▓рж╛рж▓рж┐рзЯрж╛,Laliya
1280,ржжрзМржбрж╝рзЛржжрзМржбрж╝рж┐рждрзЗ,Dourodouriteo
1281,ржлрзЛржм,Fob
1282,рж▓рзБржХрзНтАМрж╕,Looks
1283,ржХрж╛ржкрзНтАМрж▓ржжрзЗрж░,Coupleder
1284,рж╕рж╛рж╣рж╛ржпрзНржпрзЗ,
1285,ржирж╛ржорж╛ржирзЗрж╛,
1286,ржбрзЗржЗрж▓рж┐рж╣рж╛ржирзНржЯ,
1287,ржЬрж┐ржоржирзНржпрж╛рж╕рзНржЯрж┐ржХ,Gymnastic
1288,ржШрзБрж░рждрзЗ,ghurte
1289,ржХрж░рж╛рждрзЗржЗ,koratei
1290,рж╕рзБржЦрзНржпрж╛рждрж┐ржУ,sukkhatio
1291,рж▓рзЛржХржжрзЗрж░,Lokder
1292,ржнрзЛржЯрж┐ржВ,Voting
1293,ржкрзЗрж░рзЗржХ,perek
1294,ржЫржирзНржжрзЗ,chonde
1295,ржмрзНржпрж╛ржмрж╕рж╛,bebsha
1296,ржХрж┐рж╕ржХрзНржпрж╛ржо,kisscam
1297,рж░рж┐ржнрж▓ржнрж╛рж░рзЗ,revolver e
1298,ржкрзНрж░рждрж┐ржорж╛ржорзВрж░рзНрждрж┐рж░,protimamurtir
1299,ржкрзНрж▓рзЗржЯрж▓рзЗржЯрзЗрж░,platelet er
1300,ржЬрж╛ржжрзЗржЬрж╛рж░рж╛,jadejara
1301,ржЕрж░рзНржбрж┐ржирзЗрж╢ржирзЗрж░,ordinationer
1302,ржХржорж▓рзЗрж░,komoler
1303,рж╕рзБржнрж╛рж╖ржжрж╛,shuvash da
1304,ржЕржЬрж┐рждрж╛рж░,ajitar
1305,ржмрж┐рж╖ржзрж░,bishodhor
1306,ржкржХрзЗржЯ,pocket
1307,рж╢рж┐ржХржжрж╛рж░,Shikdar
1308,ржЫрж╛ржирж┐рж░,chhanir
1309,рж╕рзЗржирж┐рзЯрзЗржУ,Senieo
1310,ржЗржиржбрзЗржХрзНрж╕ржХрзЗ,indexke
